voter,position,title,author
Maggie O’Farrell,1,Old Filth Trilogy,Jane Gardam
Maggie O’Farrell,2,The Color Purple,Alice Walker
Maggie O’Farrell,3,North Woods,Daniel Mason
Maggie O’Farrell,4,Foster,Claire Keegan
Maggie O’Farrell,5,Jane Eyre,Charlotte Brontë
Maggie O’Farrell,6,The Patrick Melrose Novels,Edward St Aubyn
Maggie O’Farrell,7,Ulysses,James Joyce
Maggie O’Farrell,8,David Copperfield,Charles Dickens
Maggie O’Farrell,9,The Yellow Wallpaper,Charlotte Perkins Gilman
Maggie O’Farrell,10,The Private Memoirs and Confessions of a Justified Sinner,James Hogg
Freya Johnston,1,Anna Karenina,Leo Tolstoy
Freya Johnston,2,Madame Bovary,Gustave Flaubert
Freya Johnston,3,Middlemarch,George Eliot
Freya Johnston,4,Persuasion,Jane Austen
Freya Johnston,5,David Copperfield,Charles Dickens
Freya Johnston,6,Little Boy Lost,Marghanita Laski
Freya Johnston,7,Mrs. Palfrey at the Claremont,Elizabeth Taylor
Freya Johnston,8,Dr Gully,Elizabeth Jenkins
Freya Johnston,9,The Vicar of Wakefield,Oliver Goldsmith
Freya Johnston,10,Quartet in Autumn,Barbara Pym
Meg Rosoff,1,Catch-22,Joseph Heller
Meg Rosoff,2,A High Wind in Jamaica,Richard Hughes
Meg Rosoff,3,East of Eden,John Steinbeck
Meg Rosoff,4,Golden Hill,Francis Spufford
Meg Rosoff,5,Wolf Hall,Hilary Mantel
Meg Rosoff,6,The Mirror and the Light,Hilary Mantel
Meg Rosoff,7,Bring up the Bodies,Hilary Mantel
Meg Rosoff,8,Pride and Prejudice,Jane Austen
Meg Rosoff,9,Nineteen Eighty-Four,George Orwell
Meg Rosoff,10,The Long View,Elizabeth Jane Howard
Merve Emre,1,Middlemarch,George Eliot
Merve Emre,2,Lolita,Vladimir Nabokov
Merve Emre,3,Housekeeping,Marilynne Robinson
Merve Emre,4,Beloved,Toni Morrison
Merve Emre,5,The Plains,Gerald Murnane
Merve Emre,6,Ulysses,James Joyce
Merve Emre,7,To the Lighthouse,Virginia Woolf
Merve Emre,8,The Portrait of a Lady,Henry James
Merve Emre,9,Invisible Man,Ralph Ellison
Merve Emre,10,The Sound and the Fury,William Faulkner
Hermione Lee,1,Latecomers,Anita Brookner
Hermione Lee,2,To the Lighthouse,Virginia Woolf
Hermione Lee,3,The Custom of the Country,Edith Wharton
Hermione Lee,4,My Ántonia,Willa Cather
Hermione Lee,5,The Beginning of Spring,Penelope Fitzgerald
Hermione Lee,6,Family and Friends,Anita Brookner
Hermione Lee,7,Reading Turgenev,William Trevor
Hermione Lee,8,The Portrait of a Lady,Henry James
Hermione Lee,9,A Month in the Country,JL Carr
Hermione Lee,10,Nora Webster,Colm Tóibín
Jon Day,1,Ulysses,James Joyce
Jon Day,2,The Blue Flower,Penelope Fitzgerald
Jon Day,3,The Remains of the Day,Kazuo Ishiguro
Jon Day,4,The Last Samurai,Helen Dewitt
Jon Day,5,Nervous Conditions,Tsitsi Dangarembga
Jon Day,6,The Third Policeman,Flann O'Brien
Jon Day,7,Bleak House,Charles Dickens
Jon Day,8,To the Lighthouse,Virginia Woolf
Jon Day,9,Tamarisk Row,Gerald Murnane
Jon Day,10,The Swimming-Pool Library,Alan Hollinghurst
Amanda Craig,1,Small Things Like These,Claire Keegan
Amanda Craig,2,Anna Karenina,Leo Tolstoy
Amanda Craig,3,Great Expectations,Charles Dickens
Amanda Craig,4,Persuasion,Jane Austen
Amanda Craig,5,A Fine Balance,Rohinton Mistry
Amanda Craig,6,Vanity Fair,William Makepeace Thackeray
Amanda Craig,7,The Great Gatsby,F Scott Fitzgerald
Amanda Craig,8,The Left Hand of Darkness,Ursula K Le Guin
Amanda Craig,9,Suite Française,Irène Némirovsky
Amanda Craig,10,Tom Lake,Ann Patchett
Tanjll Rashid,1,The Trial,Franz Kafka
Tanjll Rashid,2,Moby-Dick,Herman Melville
Tanjll Rashid,3,The Enigma of Arrival,V. S. Naipaul
Tanjll Rashid,4,The Improvement of Human Reason,Ibn Tufayl
Tanjll Rashid,5,Joseph and His Brothers,Thomas Mann
Tanjll Rashid,6,The Leopard,Giuseppe Tomasi di Lampedusa
Tanjll Rashid,7,One Thousand and One Nights,Anonymous
Tanjll Rashid,8,Midnight's Children,Salman Rushdie
Tanjll Rashid,9,Pather Panchali,Bibhutibhushan Bandopadhyay
Tanjll Rashid,10,Operation Shylock,Philip Roth
Alberto Manguel,1,Don Quixote,Miguel de Cervantes
Alberto Manguel,2,Moby-Dick,Herman Melville
Alberto Manguel,3,Hopscotch,Julio Cortázar
Alberto Manguel,4,Ulysses,James Joyce
Alberto Manguel,5,One Hundred Years of Solitude,Gabriel García Márquez
Alberto Manguel,6,Nineteen Eighty-Four,George Orwell
Alberto Manguel,7,Frankenstein,Mary Shelley
Alberto Manguel,8,The Tale of Genji,Murasaki Shikibu
Alberto Manguel,9,The Metamorphosis,Franz Kafka
Alberto Manguel,10,Dr. Jekyll and Mr. Hyde,Robert Louis Stevenson
Kit de Waal,1,The Remains of the Day,Kazuo Ishiguro
Kit de Waal,2,Madame Bovary,Gustave Flaubert
Kit de Waal,3,Flowers for Algernon,Daniel Keyes
Kit de Waal,4,Great Expectations,Charles Dickens
Kit de Waal,5,The End of the Affair,Graham Greene
Kit de Waal,6,Jane Eyre,Charlotte Brontë
Kit de Waal,7,Beloved,Toni Morrison
Kit de Waal,8,The Road,Cormac McCarthy
Kit de Waal,9,The Thing About December,Donal Ryan
Kit de Waal,10,The Spy Who Came in From the Cold,John le Carré
Sarah Moss,1,The Country of the Pointed Firs,Sarah Orne Jewett
Sarah Moss,2,Middlemarch,George Eliot
Sarah Moss,3,Shadows on the Rock,Willa Cather
Sarah Moss,4,The Summer Book,Tove Jansson
Sarah Moss,5,Jane Eyre,Charlotte Brontë
Sarah Moss,6,I Capture the Castle,Dodie Smith
Sarah Moss,7,Mrs Dalloway,Virginia Woolf
Sarah Moss,8,The Ice Palace,Tarjei Vesaas
Sarah Moss,9,Wolf Hall,Hilary Mantel
Sarah Moss,10,Persuasion,Jane Austen
Eimear McBride,1,Ulysses,James Joyce
Eimear McBride,2,Crime and Punishment,Fyodor Dostoevsky
Eimear McBride,3,Middlemarch,George Eliot
Eimear McBride,4,In Search of Lost Time,Marcel Proust
Eimear McBride,5,Wuthering Heights,Emily Brontë
Eimear McBride,6,The Magic Mountain,Thomas Mann
Eimear McBride,7,To the Lighthouse,Virginia Woolf
Eimear McBride,8,Anna Karenina,Leo Tolstoy
Eimear McBride,9,Nineteen Eighty-Four,George Orwell
Eimear McBride,10,Moby-Dick,Herman Melville
Imogen Russell Williams,1,A Wizard of Earthsea,Ursula K. Le Guin
Imogen Russell Williams,2,Fire and Hemlock,Diana Wynne Jones
Imogen Russell Williams,3,The Lie Tree,Frances Hardinge
Imogen Russell Williams,4,Kindred,Octavia E Butler
Imogen Russell Williams,5,The Hounds of the Morrigan,Pat O'Shea
Imogen Russell Williams,6,Jane Eyre,Charlotte Brontë
Imogen Russell Williams,7,Beloved,Toni Morrison
Imogen Russell Williams,8,The Dark Is Rising,Susan Cooper
Imogen Russell Williams,9,Northern Lights,Philip Pullman
Imogen Russell Williams,10,Haroun and the Sea of Stories,Salman Rushdie
John Boyne,1,Wuthering Heights,Emily Brontë
John Boyne,2,The Slap,Christos Tsiolkas
John Boyne,3,The Cider House Rules,John Irving
John Boyne,4,David Copperfield,Charles Dickens
John Boyne,5,The Secret History,Donna Tartt
John Boyne,6,Cloudstreet,Tim Winton
John Boyne,7,Howards End,EM Forster
John Boyne,8,Lucky Jim,Kingsley Amis
John Boyne,9,The Razor's Edge,William Somerset Maugham
John Boyne,10,The Murder of Roger Ackroyd,Agatha Christie
Nina Allan,1,Austerlitz,WG Sebald
Nina Allan,2,Under the Volcano,Malcolm Lowry
Nina Allan,3,"The Sea, the Sea",Iris Murdoch
Nina Allan,4,Wuthering Heights,Emily Brontë
Nina Allan,5,Pale Fire,Vladimir Nabokov
Nina Allan,6,Falling Man,Don DeLillo
Nina Allan,7,In Cold Blood,Truman Capote
Nina Allan,8,The Affirmation,Christopher Priest
Nina Allan,9,Darkmans,Nicola Barker
Nina Allan,10,The Talented Mr Ripley,Patricia Highsmith
Salman Rushdie,1,Ulysses,James Joyce
Salman Rushdie,2,In Search of Lost Time,Marcel Proust
Salman Rushdie,3,The Trial,Franz Kafka
Salman Rushdie,4,One Hundred Years of Solitude,Gabriel García Márquez
Salman Rushdie,5,The Tin Drum,Günter Grass
Salman Rushdie,6,Beloved,Toni Morrison
Salman Rushdie,7,Don Quixote,Miguel de Cervantes
Salman Rushdie,8,Great Expectations,Charles Dickens
Salman Rushdie,9,The Master and Margarita,Mikhail Bulgakov
Salman Rushdie,10,The Age of Innocence,Edith Wharton
Nikesh Shukla,1,The Buddha of Suburbia,Hanif Kureishi
Nikesh Shukla,2,Nw,Zadie Smith
Nikesh Shukla,3,Family Life,Akhil Sharma
Nikesh Shukla,4,Sag Harbor,Colson Whitehead
Nikesh Shukla,5,Their Eyes Were Watching God,Zora Neale Hurston
Nikesh Shukla,6,Watchmen,Alan Moore
Nikesh Shukla,7,Station Eleven,Emily St. John Mandel
Nikesh Shukla,8,Problems,Jade Sharma
Nikesh Shukla,9,Breath,Tim Winton
Nikesh Shukla,10,Exit West,Mohsin Hamid
Yael van der Wouden,1,Pride and Prejudice,Jane Austen
Yael van der Wouden,2,Kindred,Octavia E Butler
Yael van der Wouden,3,Maurice,E. M. Forster
Yael van der Wouden,4,Beloved,Toni Morrison
Yael van der Wouden,5,Maus,Art Spiegelman
Yael van der Wouden,6,Bee Sting,Paul Murray
Yael van der Wouden,7,Demon Copperhead,Barbara Kingsolver
Yael van der Wouden,8,Love Medicine,Louise Erdrich
Yael van der Wouden,9,Fun Home,Alison Bechdel
Yael van der Wouden,10,Stag Dance,Torrey Peters
Benjamin Myers,1,Robinson Crusoe,Daniel Defoe
Benjamin Myers,2,Hunger,Knut Hamsun
Benjamin Myers,3,Maurice,E. M. Forster
Benjamin Myers,4,Trout Fishing in America,Richard Brautigan
Benjamin Myers,5,Union Street,Pat Barker
Benjamin Myers,6,Giovanni's Room,James Baldwin
Benjamin Myers,7,American Psycho,Bret Easton Ellis
Benjamin Myers,8,The Baron in the Trees,Italo Calvino
Benjamin Myers,9,A Month in the Country,James Lloyd Carr
Benjamin Myers,10,The Slaves of Solitude,Patrick Hamilton
Sam Leith,1,Middlemarch,George Eliot
Sam Leith,2,Heart of Darkness,Joseph Conrad
Sam Leith,3,The Portrait of a Lady,Henry James
Sam Leith,4,The End of the Affair,Graham Greene
Sam Leith,5,If on a Winter's Night a Traveller,Italo Calvino
Sam Leith,6,Slaughterhouse-Five,Kurt Vonnegut
Sam Leith,7,"The Life and Opinions of Tristram Shandy, Gentleman",Laurence Sterne
Sam Leith,8,The Great Gatsby,F Scott Fitzgerald
Sam Leith,9,Moby-Dick,Herman Melville
Sam Leith,10,Lolita,Vladimir Nabokov
Sandra Newman,1,"The Life and Opinions of Tristram Shandy, Gentleman",Laurence Sterne
Sandra Newman,2,Middlemarch,George Eliot
Sandra Newman,3,Palm-Wine Drinkard,Amos Tutuola
Sandra Newman,4,Mrs Dalloway,Virginia Woolf
Sandra Newman,5,Invisible Man,Ralph Ellison
Sandra Newman,6,Wolf Hall,Hilary Mantel
Sandra Newman,7,Infinite Jest,David Foster Wallace
Sandra Newman,8,Jonathan Strange & Mr. Norrell,Susanna Clarke
Sandra Newman,9,The Age of Innocence,Edith Wharton
Sandra Newman,10,Nightwood,Djuna Barnes
Chris Power,1,Moby-Dick,Herman Melville
Chris Power,2,Middlemarch,George Eliot
Chris Power,3,The Brothers Karamazov,Fyodor Dostoyevsky
Chris Power,4,Ulysses,James Joyce
Chris Power,5,2666,Roberto Bolaño
Chris Power,6,War and Peace,Leo Tolstoy
Chris Power,7,To the Lighthouse,Virginia Woolf
Chris Power,8,In Search of Lost Time,Marcel Proust
Chris Power,9,Jude the Obscure,Thomas Hardy
Chris Power,10,Septology,Jon Fosse
John Self,1,Something Happened,Joseph Heller
John Self,2,The Remains of the Day,Kazuo Ishiguro
John Self,3,Mrs Dalloway,Virginia Woolf
John Self,4,Summertime,J. M. Coetzee
John Self,5,The Beginning of Spring,Penelope Fitzgerald
John Self,6,Invisible Cities,Italo Calvino
John Self,7,Cat's Cradle,Kurt Vonnegut
John Self,8,The Prime of Miss Jean Brodie,Muriel Spark
John Self,9,A Handful of Dust,Evelyn Waugh
John Self,10,A Prayer for Owen Meany,John Irving
Shahidha Bari,1,Wuthering Heights,Emily Brontë
Shahidha Bari,2,A Passage to India,E. M. Forster
Shahidha Bari,3,Our Mutual Friend,Charles Dickens
Shahidha Bari,4,Midnight's Children,Salman Rushdie
Shahidha Bari,5,Anne of Green Gables,Lucy Maud Montgomery
Shahidha Bari,6,Go Tell It on the Mountain,James Baldwin
Shahidha Bari,7,Persuasion,Jane Austen
Shahidha Bari,8,To the Lighthouse,Virginia Woolf
Shahidha Bari,9,The Sellout,Paul Beatty
Shahidha Bari,10,"Right Ho, Jeeves",P. G. Wodehouse
Esi Edugyan,1,Pride and Prejudice,Jane Austen
Esi Edugyan,2,Middlemarch,George Eliot
Esi Edugyan,3,Nineteen Eighty-Four,George Orwell
Esi Edugyan,4,The Plague,Albert Camus
Esi Edugyan,5,Beloved,Toni Morrison
Esi Edugyan,6,A Bend in the River,V. S. Naipaul
Esi Edugyan,7,The English Patient,Michael Ondaatje
Esi Edugyan,8,Blood Meridian,Cormac McCarthy
Esi Edugyan,9,The Transit of Venus,Shirley Hazzard
Esi Edugyan,10,Those Who Leave and Those Who Stay,Elena Ferrante
Juan Gabriel Vasquez,1,Don Quixote,Miguel de Cervantes
Juan Gabriel Vasquez,2,One Hundred Years of Solitude,Gabriel García Márquez
Juan Gabriel Vasquez,3,Madame Bovary,Gustave Flaubert
Juan Gabriel Vasquez,4,Anna Karenina,Leo Tolstoy
Juan Gabriel Vasquez,5,Heart of Darkness,Joseph Conrad
Juan Gabriel Vasquez,6,In Search of Lost Time,Marcel Proust
Juan Gabriel Vasquez,7,To the Lighthouse,Virginia Woolf
Juan Gabriel Vasquez,8,Crime and Punishment,Fyodor Dostoevsky
Juan Gabriel Vasquez,9,Conversation in the Cathedral,Mario Vargas Llosa
Juan Gabriel Vasquez,10,Light in August,William Faulkner
Fiona Sturges,1,Beloved,Toni Morrison
Fiona Sturges,2,Wolf Hall,Hilary Mantel
Fiona Sturges,3,Leviathan,Paul Auster
Fiona Sturges,4,Jane Eyre,Charlotte Brontë
Fiona Sturges,5,To Kill a Mockingbird,Harper Lee
Fiona Sturges,6,Atonement,Ian McEwan
Fiona Sturges,7,Possession,A. S. Byatt
Fiona Sturges,8,The Prime of Miss Jean Brodie,Muriel Spark
Fiona Sturges,9,James,Percival L. Everett
Fiona Sturges,10,The Handmaid's Tale,Margaret Atwood
Rishi Dastidar,1,The Golden Gate,Vikram Seth
Rishi Dastidar,2,Anna Karenina,Leo Tolstoy
Rishi Dastidar,3,Middlemarch,George Eliot
Rishi Dastidar,4,Vanity Fair,William Makepeace Thackeray
Rishi Dastidar,5,"The Life and Opinions of Tristram Shandy, Gentleman",Laurence Sterne
Rishi Dastidar,6,Wittgenstein's Mistress,David Markson
Rishi Dastidar,7,Midnight's Children,Salman Rushdie
Rishi Dastidar,8,A Place of Greater Safety,Hilary Mantel
Rishi Dastidar,9,The Radetzky March,Joseph Roth
Rishi Dastidar,10,Oscar & Lucinda,Peter Carey
Jude Cook,1,Mansfield Park,Jane Austen
Jude Cook,2,Bleak House,Charles Dickens
Jude Cook,3,Vanity Fair,William Makepeace Thackeray
Jude Cook,4,The Return of the Native,Thomas Hardy
Jude Cook,5,The Age of Innocence,Edith Wharton
Jude Cook,6,The Waves,Virginia Woolf
Jude Cook,7,Tender Is the Night,F. Scott Fitzgerald
Jude Cook,8,Herzog,Saul Bellow
Jude Cook,9,Beloved,Toni Morrison
Jude Cook,10,The Buddha of Suburbia,Hanif Kureishi
Pratinav Anil,1,In Search of Lost Time,Marcel Proust
Pratinav Anil,2,A Dance to the Music of Time,Anthony Powell
Pratinav Anil,3,A Severed Head,Iris Murdoch
Pratinav Anil,4,Gravity's Rainbow,Thomas Pynchon
Pratinav Anil,5,The Portrait of a Lady,Henry James
Pratinav Anil,6,The Magic Mountain,Thomas Mann
Pratinav Anil,7,The Unbearable Lightness of Being,Milan Kundera
Pratinav Anil,8,Oblomov,Ivan Aleksandrovich Goncharov
Pratinav Anil,9,Boredom,Alberto Moravia
Pratinav Anil,10,Aunt Julia and the Script-Writer,Mario Vargas Llosa
Yan Lianke,1,Don Quixote,Miguel de Cervantes
Yan Lianke,2,Strange Tales From a Chinese Studio,Pu Songling
Yan Lianke,3,War and Peace,Leo Tolstoy
Yan Lianke,4,The Brothers Karamazov,Fyodor Dostoyevsky
Yan Lianke,5,Madame Bovary,Gustave Flaubert
Yan Lianke,6,Ulysses,James Joyce
Yan Lianke,7,Pedro Páramo,Juan Rulfo
Yan Lianke,8,The Castle,Franz Kafka
Yan Lianke,9,In Search of Lost Time,Marcel Proust
Yan Lianke,10,Pride and Prejudice,Jane Austen
Chloe Aridjis,1,Don Quixote,Miguel de Cervantes
Chloe Aridjis,2,In Search of Lost Time,Marcel Proust
Chloe Aridjis,3,The Magic Mountain,Thomas Mann
Chloe Aridjis,4,The Metamorphosis,Franz Kafka
Chloe Aridjis,5,Heart of Darkness,Joseph Conrad
Chloe Aridjis,6,Frankenstein,Mary Shelley
Chloe Aridjis,7,Moby-Dick,Herman Melville
Chloe Aridjis,8,The Brothers Karamazov,Fyodor Dostoyevsky
Chloe Aridjis,9,Middlemarch,George Eliot
Chloe Aridjis,10,A Portrait of the Artist as a Young Man,James Joyce
Nadifa Mohamed,1,Beloved,Toni Morrison
Nadifa Mohamed,2,Eugene Onegin,Alexander Pushkin
Nadifa Mohamed,3,A Fine Balance,Rohinton Mistry
Nadifa Mohamed,4,The Translator,Leila Aboulela
Nadifa Mohamed,5,Marabou Stork Nightmares,Irvine Welsh
Nadifa Mohamed,6,Wide Sargasso Sea,Jean Rhys
Nadifa Mohamed,7,By the Sea,Abdulrazak Gurnah
Nadifa Mohamed,8,Home to Harlem,Claude McKay
Nadifa Mohamed,9,Telephone,Percival L. Everett
Nadifa Mohamed,10,The God of Small Things,Arundhati Roy
Sarah Churchwell,1,The Great Gatsby,F Scott Fitzgerald
Sarah Churchwell,2,The Wings of a Dove,Henry James
Sarah Churchwell,3,Jane Eyre,Charlotte Brontë
Sarah Churchwell,4,Pride and Prejudice,Jane Austen
Sarah Churchwell,5,The Portrait of a Lady,Henry James
Sarah Churchwell,6,Wuthering Heights,Emily Brontë
Sarah Churchwell,7,Emma,Jane Austen
Sarah Churchwell,8,David Copperfield,Charles Dickens
Sarah Churchwell,9,Huckleberry Finn,Mark Twain
Sarah Churchwell,10,Moby-Dick,Herman Melville
Blake Morrison,1,Middlemarch,George Eliot
Blake Morrison,2,Jane Eyre,Charlotte Brontë
Blake Morrison,3,The Great Gatsby,F Scott Fitzgerald
Blake Morrison,4,Ulysses,James Joyce
Blake Morrison,5,Sons and Lovers,D. H. Lawrence
Blake Morrison,6,Nineteen Eighty-Four,George Orwell
Blake Morrison,7,"The Life and Opinions of Tristram Shandy, Gentleman",Laurence Sterne
Blake Morrison,8,Emma,Jane Austen
Blake Morrison,9,Gulliver's Travels,Jonathan Swift
Blake Morrison,10,Robinson Crusoe,Daniel Defoe
Melissa Harrison,1,Ulysses,James Joyce
Melissa Harrison,2,Anna Karenina,Leo Tolstoy
Melissa Harrison,3,The Sound and the Fury,William Faulkner
Melissa Harrison,4,Bring up the Bodies,Hilary Mantel
Melissa Harrison,5,The Grapes of Wrath,John Steinbeck
Melissa Harrison,6,The Lord of the Rings,J.R.R. Tolkien
Melissa Harrison,7,Piranesi,Susanna Clarke
Melissa Harrison,8,Tarka the Otter,Henry Williamson
Melissa Harrison,9,Light Years,James Salter
Melissa Harrison,10,The Information,Martin Amis
Anne Enright,1,Ulysses,James Joyce
Anne Enright,2,Beloved,Toni Morrison
Anne Enright,3,In Search of Lost Time,Marcel Proust
Anne Enright,4,Moby-Dick,Herman Melville
Anne Enright,5,Madame Bovary,Gustave Flaubert
Anne Enright,6,The Handmaid's Tale,Margaret Atwood
Anne Enright,7,Love in the Time of Cholera,Gabriel García Márquez
Anne Enright,8,Wide Sargasso Sea,Jean Rhys
Anne Enright,9,The Good Soldier,Ford Madox Ford
Anne Enright,10,Cloud Atlas,David Mitchell
Fiona Sampson,1,In Search of Lost Time,Marcel Proust
Fiona Sampson,2,The Bridge on the Drina,Ivo Andrić
Fiona Sampson,3,Frankenstein,Mary Shelley
Fiona Sampson,4,The Alexandria Quartet ,Lawrence Durrell
Fiona Sampson,5,To the Lighthouse,Virginia Woolf
Fiona Sampson,6,Tamarisk Row,Gerald Murnane
Fiona Sampson,7,Pig Earth,John Berger
Fiona Sampson,8,By Grand Central Station I Sat Down and Wept,Elizabeth Smart
Fiona Sampson,9,Zone,Mathias Enard
Fiona Sampson,10,Omeros,Derek Walcott
Steven Poole,1,The Brothers Karamazov,Fyodor Dostoyevsky
Steven Poole,2,In Search of Lost Time,Marcel Proust
Steven Poole,3,Moby-Dick,Herman Melville
Steven Poole,4,Pale Fire,Vladimir Nabokov
Steven Poole,5,Pride and Prejudice,Jane Austen
Steven Poole,6,The Good Soldier,Ford Madox Ford
Steven Poole,7,A Farewell to Arms,Ernest Hemingway
Steven Poole,8,The Blue Flower,Penelope Fitzgerald
Steven Poole,9,Tree of Smoke,Denis Johnson
Steven Poole,10,Frankenstein,Mary Shelley
Lucy Knight,1,How to Be Both,Ali Smith
Lucy Knight,2,Fun Home,Alison Bechdel
Lucy Knight,3,The Summer Book,Tove Jansson
Lucy Knight,4,Americanah,Chimamanda Ngozi Adichie
Lucy Knight,5,Wise Children,Angela Carter
Lucy Knight,6,Never Let Me Go,Kazuo Ishiguro
Lucy Knight,7,"Tomorrow, and Tomorrow, and Tomorrow",Gabrielle Zevin
Lucy Knight,8,Pride and Prejudice,Jane Austen
Lucy Knight,9,The Great Gatsby,F Scott Fitzgerald
Lucy Knight,10,The Good Soldier,Ford Madox Ford
Samantha Ellis,1,Wuthering Heights,Emily Brontë
Samantha Ellis,2,The Tenant of Wildfell Hall,Anne Brontë
Samantha Ellis,3,The Tale of the 1002nd Night,Joseph Roth
Samantha Ellis,4,Nights at the Circus,Angela Carter
Samantha Ellis,5,The Bell Jar,Sylvia Plath
Samantha Ellis,6,Wolf Hall,Hilary Mantel
Samantha Ellis,7,Persuasion,Jane Austen
Samantha Ellis,8,Journey by Moonlight,Antal Szerb
Samantha Ellis,9,My Brilliant Friend,Elena Ferrante
Samantha Ellis,10,The Amazing Adventures of Kavalier and Clay,Michael Chabon
Rachel Kushner,1,Moby-Dick,Herman Melville
Rachel Kushner,2,Red Badge of Courage,Stephen Crane
Rachel Kushner,3,As I Lay Dying,William Faulkner
Rachel Kushner,4,Invisible Man,Ralph Ellison
Rachel Kushner,5,The Recognitions,William Gaddis
Rachel Kushner,6,The Great Gatsby,F Scott Fitzgerald
Rachel Kushner,7,Jane Eyre,Charlotte Brontë
Rachel Kushner,8,The Sun Also Rises,Ernest Hemingway
Rachel Kushner,9,Lolita,Vladimir Nabokov
Rachel Kushner,10,Underworld,Don DeLillo
Jan Carson,1,Midnight's Children,Salman Rushdie
Jan Carson,2,Beloved,Toni Morrison
Jan Carson,3,Wuthering Heights,Emily Brontë
Jan Carson,4,Rebecca,Daphne du Maurier
Jan Carson,5,Dracula,Bram Stoker
Jan Carson,6,We Have Always Lived in the Castle,Shirley Jackson
Jan Carson,7,Lincoln in the Bardo,George Saunders
Jan Carson,8,And Then There Were None,Agatha Christie
Jan Carson,9,The Millstone,Margaret Drabble
Jan Carson,10,The End of the Affair,Graham Greene
Elif Batuman,1,Anna Karenina,Leo Tolstoy
Elif Batuman,2,Middlemarch,George Eliot
Elif Batuman,3,The Portrait of a Lady,Henry James
Elif Batuman,4,Pale Fire,Vladimir Nabokov
Elif Batuman,5,Don Quixote,Miguel de Cervantes
Elif Batuman,6,The Makioka Sisters,Jun'ichirō Tanizaki
Elif Batuman,7,Eugene Onegin,Alexander Pushkin
Elif Batuman,8,The Trial,Franz Kafka
Elif Batuman,9,In Search of Lost Time,Marcel Proust
Elif Batuman,10,Jane Eyre,Charlotte Brontë
Roxane Gay,1,Nw,Zadie Smith
Roxane Gay,2,The Known World,Edward P Jones
Roxane Gay,3,Pachinko,Min Jin Lee
Roxane Gay,4,The Age of Innocence,Edith Wharton
Roxane Gay,5,Commonwealth,Ann Patchett
Roxane Gay,6,Beloved,Toni Morrison
Roxane Gay,7,Possessing the Secret of Joy,Alice Walker
Roxane Gay,8,A Fine Balance,Rohinton Mistry
Roxane Gay,9,In the Distance,Hernán Díaz
Roxane Gay,10,Matrix,Lauren Groff
Andrew Solomon,1,To the Lighthouse,Virginia Woolf
Andrew Solomon,2,War and Peace,Leo Tolstoy
Andrew Solomon,3,Middlemarch,George Eliot
Andrew Solomon,4,In Search of Lost Time,Marcel Proust
Andrew Solomon,5,The Portrait of a Lady,Henry James
Andrew Solomon,6,The Phantom Tollbooth,Norton Juster
Andrew Solomon,7,Howards End,EM Forster
Andrew Solomon,8,The House of Mirth,Edith Wharton
Andrew Solomon,9,Daniel Deronda,George Eliot
Andrew Solomon,10,Sense and Sensibility,Jane Austen
Mazen Maarouf,1,The Third Lie,Ágota Kristóf
Mazen Maarouf,2,Promise at Dawn,Romain Gary
Mazen Maarouf,3,In Diamond Square,Mercè Rodoreda
Mazen Maarouf,4,Don Quixote,Miguel de Cervantes
Mazen Maarouf,5,One Thousand and One Nights,Scheherazade
Mazen Maarouf,6,Things Fall Apart,Chinua Achebe
Mazen Maarouf,7,June Rain,Jabbour Douaihy
Mazen Maarouf,8,Chronicle of a Death Foretold,Gabriel García Márquez
Mazen Maarouf,9,The Catcher in the Rye,J. D. Salinger
Mazen Maarouf,10,Men in the Sun and Other Palestinian Stories,Ghassan Kanafani
Bernardine Evaristo,1,Beloved,Toni Morrison
Bernardine Evaristo,2,The Book of Night Women,Marlon James
Bernardine Evaristo,3,Ghost Wall,Sarah Moss
Bernardine Evaristo,4,The Joys of Motherhood,Buchi Emecheta
Bernardine Evaristo,5,The Bone People,Keri Hulme
Bernardine Evaristo,6,Quicksand,Nella Larsen
Bernardine Evaristo,7,The Vanishing Half,Brit Bennett
Bernardine Evaristo,8,Ordinary People,Diana Evans
Bernardine Evaristo,9,Their Eyes Were Watching God,Zora Neale Hurston
Bernardine Evaristo,10,Kindred,Octavia E Butler
John Mullan,1,Emma,Jane Austen
John Mullan,2,Great Expectations,Charles Dickens
John Mullan,3,Middlemarch,George Eliot
John Mullan,4,Anna Karenina,Leo Tolstoy
John Mullan,5,"The Life and Opinions of Tristram Shandy, Gentleman",Laurence Sterne
John Mullan,6,In Search of Lost Time,Marcel Proust
John Mullan,7,Madame Bovary,Gustave Flaubert
John Mullan,8,Ulysses,James Joyce
John Mullan,9,Tess of the D'urbervilles,Thomas Hardy
John Mullan,10,Pride and Prejudice,Jane Austen
Katharine Viner,1,Beloved,Toni Morrison
Katharine Viner,2,Jane Eyre,Charlotte Brontë
Katharine Viner,3,Sense and Sensibility,Jane Austen
Katharine Viner,4,Orlando,Virginia Woolf
Katharine Viner,5,Love in the Time of Cholera,Gabriel García Márquez
Katharine Viner,6,Anna Karenina,Leo Tolstoy
Katharine Viner,7,David Copperfield,Charles Dickens
Katharine Viner,8,Small Island,Andrea Levy
Katharine Viner,9,Half of a Yellow Sun,Chimamanda Ngozi Adichie
Katharine Viner,10,Drive Your Plow Over the Bones of the Dead,Olga Tokarczuk
Joanne Harris,1,Farenheit 451,Ray Bradbury
Joanne Harris,2,Nights at the Circus,Angela Carter
Joanne Harris,3,We Have Always Lived in the Castle,Shirley Jackson
Joanne Harris,4,The Outsider,Albert Camus
Joanne Harris,5,Wuthering Heights,Emily Brontë
Joanne Harris,6,"To Be Taught, If Fortunate",Becky Chambers
Joanne Harris,7,Gormenghast,Mervyn Peake
Joanne Harris,8,The Famished Road,Ben Okri
Joanne Harris,9,Kafka on the Shore,Haruki Murakami
Joanne Harris,10,Small Island,Andrea Levy
Sarah Waters,1,Bleak House,Charles Dickens
Sarah Waters,2,Midnight's Children,Salman Rushdie
Sarah Waters,3,Housekeeping,Marilynne Robinson
Sarah Waters,4,Anna Karenina,Leo Tolstoy
Sarah Waters,5,The Road,Cormac McCarthy
Sarah Waters,6,Austerlitz,WG Sebald
Sarah Waters,7,Blindness,José Saramago
Sarah Waters,8,Memento Mori,Muriel Spark
Sarah Waters,9,One Hundred Years of Solitude,Gabriel García Márquez
Sarah Waters,10,Things Fall Apart,Chinua Achebe
Amit Chaudhuri,1,The Enigma of Arrival,V. S. Naipaul
Amit Chaudhuri,2,A Portrait of the Artist as a Young Man,James Joyce
Amit Chaudhuri,3,A House for Mr Biswas,VS Naipaul
Amit Chaudhuri,4,Swami and Friends,R. K. Narayan
Amit Chaudhuri,5,Pather Panchali,Bibhutibhushan Bandyopadhyay
Amit Chaudhuri,6,Samskara,U. R. Anantha Murthy
Amit Chaudhuri,7,Sport and a Pastime,James Salter
Amit Chaudhuri,8,The Great Gatsby,F Scott Fitzgerald
Amit Chaudhuri,9,The Moviegoer,Walker Percy
Amit Chaudhuri,10,The Sportswriter,Richard Ford
Ian Patterson,1,In Search of Lost Time,Marcel Proust
Ian Patterson,2,The Golden Bowl,Henry James
Ian Patterson,3,Emma,Jane Austen
Ian Patterson,4,"The Life and Opinions of Tristram Shandy, Gentleman",Laurence Sterne
Ian Patterson,5,Molloy,Samuel Beckett
Ian Patterson,6,The Man Without Qualities,Robert Musil
Ian Patterson,7,Caught,Henry Green
Ian Patterson,8,The Spiral Ascent,Edward Upward
Ian Patterson,9,Elders and Betters,Ivy Compton-Burnett
Ian Patterson,10,The Death of the Heart,Elizabeth Bowen
Beejay Silcox,1,Praiseworthy,Alexis Wright
Beejay Silcox,2,Frankenstein,Mary Shelley
Beejay Silcox,3,Never Let Me Go,Kazuo Ishiguro
Beejay Silcox,4,The Handmaid's Tale,Margaret Atwood
Beejay Silcox,5,Nineteen Eighty-Four,George Orwell
Beejay Silcox,6,The Hitch Hiker's Guide to the Galaxy,Douglas Adams
Beejay Silcox,7,The Left Hand of Darkness,Ursula K Le Guin
Beejay Silcox,8,The Stand,Stephen King
Beejay Silcox,9,Piranesi,Susanna Clarke
Beejay Silcox,10,Parable of the Sower,Octavia E. Butler
Christobel Kent,1,The Leopard,Giuseppe Tomasi di Lampedusa
Christobel Kent,2,Sentimental Education,Gustave Flaubert
Christobel Kent,3,War and Peace,Leo Tolstoy
Christobel Kent,4,The House of Mirth,Edith Wharton
Christobel Kent,5,A Farewell to Arms,Ernest Hemingway
Christobel Kent,6,The Great Gatsby,F Scott Fitzgerald
Christobel Kent,7,Vanity Fair,William Makepeace Thackeray
Christobel Kent,8,The Betrothed,Alessandro Manzoni
Christobel Kent,9,"Rabbit, Run",John Updike
Christobel Kent,10,The Birthday Boys,Beryl Bainbridge
Charlotte Mendelson,1,War and Peace,Leo Tolstoy
Charlotte Mendelson,2,David Copperfield,Charles Dickens
Charlotte Mendelson,3,Middlemarch,George Eliot
Charlotte Mendelson,4,Bleak House,Charles Dickens
Charlotte Mendelson,5,A Place of Greater Safety,Hilary Mantel
Charlotte Mendelson,6,Villette,Charlotte Brontë
Charlotte Mendelson,7,The Transit of Venus,Shirley Hazzard
Charlotte Mendelson,8,Giovanni's Room,James Baldwin
Charlotte Mendelson,9,Sense and Sensibility,Jane Austen
Charlotte Mendelson,10,The Haunting of Hill House,Shirley Jackson
Olivia Laing,1,In Search of Lost Time,Marcel Proust
Olivia Laing,2,The Garden of the Finzi-Continis,Giorgio Bassani
Olivia Laing,3,The Leopard,Giuseppe Tomasi di Lampedusa
Olivia Laing,4,Persuasion,Jane Austen
Olivia Laing,5,Bleak House,Charles Dickens
Olivia Laing,6,Robinson Crusoe,Daniel Defoe
Olivia Laing,7,The Girls of Slender Means,Muriel Spark
Olivia Laing,8,Riddley Walker,Russell Hoban
Olivia Laing,9,The Rings of Saturn,WG Sebald
Olivia Laing,10,The Talented Mr Ripley,Patricia Highsmith
Julie Myerson,1,To the Lighthouse,Virginia Woolf
Julie Myerson,2,The Remains of the Day,Kazuo Ishiguro
Julie Myerson,3,All That Is,James Salter
Julie Myerson,4,Fingersmith,Sarah Waters
Julie Myerson,5,The Great Gatsby,F Scott Fitzgerald
Julie Myerson,6,Beloved,Toni Morrison
Julie Myerson,7,Wuthering Heights,Emily Brontë
Julie Myerson,8,Felicia's Journey,William Trevor
Julie Myerson,9,Strangers,Anita Brookner
Julie Myerson,10,The Turn of the Screw,Henry James
PD Smith,1,The Man Without Qualities,Robert Musil
PD Smith,2,Berlin Alexanderplatz,Alfred Döblin
PD Smith,3,The Trial,Franz Kafka
PD Smith,4,Bleak House,Charles Dickens
PD Smith,5,The Maltese Falcon,Dashiell Hammett
PD Smith,6,The Big Sleep,Raymond Chandler
PD Smith,7,American Tabloid,James Ellroy
PD Smith,8,Titus Groan,Mervyn Peake
PD Smith,9,Smiley's People,John le Carré
PD Smith,10,The Valley of Fear,Arthur Conan Doyle
Lara Feigel,1,War and Peace,Leo Tolstoy
Lara Feigel,2,Anna Karenina,Leo Tolstoy
Lara Feigel,3,Middlemarch,George Eliot
Lara Feigel,4,The Rainbow,DH Lawrence
Lara Feigel,5,To the Lighthouse,Virginia Woolf
Lara Feigel,6,The Golden Notebook,Doris Lessing
Lara Feigel,7,Bleak House,Charles Dickens
Lara Feigel,8,The Portrait of a Lady,Henry James
Lara Feigel,9,Their Eyes Were Watching God,Zora Neale Hurston
Lara Feigel,10,Jane Eyre,Charlotte Brontë
Sian Cain,1,The Age of Innocence,Edith Wharton
Sian Cain,2,The Mirror and the Light,Hilary Mantel
Sian Cain,3,Catch-22,Joseph Heller
Sian Cain,4,Frankenstein,Mary Shelley
Sian Cain,5,The Handmaid's Tale,Margaret Atwood
Sian Cain,6,The Collector,John Fowles
Sian Cain,7,Praiseworthy,Alexis Wright
Sian Cain,8,The Secret History,Donna Tartt
Sian Cain,9,The Remains of the Day,Kazuo Ishiguro
Sian Cain,10,Nineteen Eighty-Four,George Orwell
Daniel Kehlmann,1,War and Peace,Leo Tolstoy
Daniel Kehlmann,2,In Search of Lost Time,Marcel Proust
Daniel Kehlmann,3,Anna Karenina,Leo Tolstoy
Daniel Kehlmann,4,The Radetzky March,Joseph Roth
Daniel Kehlmann,5,Sorrows of Young Werther,Johann Wolfgang von Goethe
Daniel Kehlmann,6,Elective Affinities,Johann Wolfgang von Goethe
Daniel Kehlmann,7,The Idiot,Fyodor Dostoevsky
Daniel Kehlmann,8,The Magic Mountain,Thomas Mann
Daniel Kehlmann,9,Simplicissimus,Hans Jakob Christoffel von Grimmelshausen
Daniel Kehlmann,10,Ragtime,EL Doctorow
William Boyd,1,Ulysses,James Joyce
William Boyd,2,In Search of Lost Time,Marcel Proust
William Boyd,3,Emma,Jane Austen
William Boyd,4,Pale Fire,Vladimir Nabokov
William Boyd,5,Our Mutual Friend,Charles Dickens
William Boyd,6,Scoop,Evelyn Waugh
William Boyd,7,Mill on the Floss,George Eliot
William Boyd,8,"The Life and Opinions of Tristram Shandy, Gentleman",Laurence Sterne
William Boyd,9,The Trial,Franz Kafka
William Boyd,10,Wuthering Heights,Emily Brontë
Siri Hustvedt,1,Wuthering Heights,Emily Brontë
Siri Hustvedt,2,To the Lighthouse,Virginia Woolf
Siri Hustvedt,3,Bleak House,Charles Dickens
Siri Hustvedt,4,Middlemarch,George Eliot
Siri Hustvedt,5,Moby-Dick,Herman Melville
Siri Hustvedt,6,Pride and Prejudice,Jane Austen
Siri Hustvedt,7,The Scarlet Letter,Nathaniel Hawthorne
Siri Hustvedt,8,Ulysses,James Joyce
Siri Hustvedt,9,Beloved,Toni Morrison
Siri Hustvedt,10,Waiting for the Barbarians,J. M. Coetzee
Joshua Cohen,1,The Adventures of Oliver Twist,Charles Dickens
Joshua Cohen,2,Trilby,George du Maurier
Joshua Cohen,3,Roxana,Daniel Defoe
Joshua Cohen,4,The Monk,Matthew Gregory Lewis
Joshua Cohen,5,Parade's End,Ford Madox Ford
Joshua Cohen,6,The Way We Live Now,Anthony Trollope
Joshua Cohen,7,Vile Bodies,Evelyn Waugh
Joshua Cohen,8,Point Counter Point,Aldous Huxley
Joshua Cohen,9,Stamboul Train,Graham Greene
Joshua Cohen,10,Dracula,Bram Stoker
Geoff Dyer,1,Middlemarch,George Eliot
Geoff Dyer,2,Lonesome Dove,Larry McMurtry
Geoff Dyer,3,War and Peace,Leo Tolstoy
Geoff Dyer,4,The Portrait of a Lady,Henry James
Geoff Dyer,5,The Age of Innocence,Edith Wharton
Geoff Dyer,6,Great Expectations,Charles Dickens
Geoff Dyer,7,The Transit of Venus,Shirley Hazzard
Geoff Dyer,8,The Names,Don DeLillo
Geoff Dyer,9,Voyage in the Dark,Jean Rhys
Geoff Dyer,10,On the Road,Jack Kerouac
Adam Roberts,1,The Lord of the Rings,J.R.R. Tolkien
Adam Roberts,2,Middlemarch,George Eliot
Adam Roberts,3,Things Fall Apart,Chinua Achebe
Adam Roberts,4,Earthsea,Ursula K. Le Guin
Adam Roberts,5,Pnin,Vladimir Nabokov
Adam Roberts,6,Bleak House,Charles Dickens
Adam Roberts,7,The Heart of Midlothian,Walter Scott
Adam Roberts,8,The War of the Worlds,H. G. Wells
Adam Roberts,9,Beloved,Toni Morrison
Adam Roberts,10,The Inverted World,Christopher Priest
Candice Carty Williams,1,Citizen,Claudia Rankine
Candice Carty Williams,2,Bridget Jones's Diary,Helen Fielding
Candice Carty Williams,3,Nightcrawling,Leila Mottley
Candice Carty Williams,4,Where We Come From,Oscar Casares
Candice Carty Williams,5,Poor,Caleb Femi
Candice Carty Williams,6,Nineteen Eighty-Four,George Orwell
Candice Carty Williams,7,The Metamorphosis,Franz Kafka
Candice Carty Williams,8,Noughts & Crosses,Malorie Blackman
Candice Carty Williams,9,Beloved,Toni Morrison
Candice Carty Williams,10,Sister Outsider,Audre Lorde
M. John Harrison,1,House on the Borderland,William Hope Hodgson
M. John Harrison,2,Jacob's Room,Virginia Woolf
M. John Harrison,3,"Good Morning, Midnight",Jean Rhys
M. John Harrison,4,The Journal of Albion Moonlight,Kenneth Patchen
M. John Harrison,5,The Spider's House,Paul Bowles
M. John Harrison,6,Who Was Changed and Who Was Dead,Barbara Comyns
M. John Harrison,7,The Unicorn,Iris Murdoch
M. John Harrison,8,Europe After the Rain,Alan Burns
M. John Harrison,9,Never Let Me Go,Kazuo Ishiguro
M. John Harrison,10,After Sappho,Selby Wynn Schwartz
Yagnishsing Dawoor,1,One Hundred Years of Solitude,Gabriel García Márquez
Yagnishsing Dawoor,2,Midnight's Children,Salman Rushdie
Yagnishsing Dawoor,3,Beloved,Toni Morrison
Yagnishsing Dawoor,4,The God of Small Things,Arundhati Roy
Yagnishsing Dawoor,5,Waiting for the Barbarians,J. M. Coetzee
Yagnishsing Dawoor,6,Half of a Yellow Sun,Chimamanda Ngozi Adichie
Yagnishsing Dawoor,7,White Teeth,Zadie Smith
Yagnishsing Dawoor,8,Paradise,Abdulrazak Gurnah
Yagnishsing Dawoor,9,The Remains of the Day,Kazuo Ishiguro
Yagnishsing Dawoor,10,Septology,Jon Fosse
Lorrie Moore,1,A Flag for Sunrise,Robert Stone
Lorrie Moore,2,Light in August,William Faulkner
Lorrie Moore,3,Lives of Girls and Women,Alice Munro
Lorrie Moore,4,Beloved,Toni Morrison
Lorrie Moore,5,The Child in Time,Ian McEwan
Lorrie Moore,6,The Remains of the Day,Kazuo Ishiguro
Lorrie Moore,7,The Decameron of Boccaccio,Giovanni Boccaccio
Lorrie Moore,8,Middlemarch,George Eliot
Lorrie Moore,9,Emma,Jane Austen
Lorrie Moore,10,Washington Square,Henry James
Michael Chabon,1,Moby-Dick,Herman Melville
Michael Chabon,2,Orlando,Virginia Woolf
Michael Chabon,3,Love in the Time of Cholera,Gabriel García Márquez
Michael Chabon,4,Pride and Prejudice,Jane Austen
Michael Chabon,5,The Golden Bowl,Henry James
Michael Chabon,6,Gravity's Rainbow,Thomas Pynchon
Michael Chabon,7,"So Long, See You Tomorrow",William Maxwell
Michael Chabon,8,The Lord of the Rings,J.R.R. Tolkien
Michael Chabon,9,Aubrey-Maturin Series,Patrick O'Brian
Michael Chabon,10,The Left Hand of Darkness,Ursula K Le Guin
Claire Armitstead,1,War and Peace,Leo Tolstoy
Claire Armitstead,2,Emma,Jane Austen
Claire Armitstead,3,One Hundred Years of Solitude,Gabriel García Márquez
Claire Armitstead,4,Ulysses,James Joyce
Claire Armitstead,5,The Color Purple,Alice Walker
Claire Armitstead,6,Things Fall Apart,Chinua Achebe
Claire Armitstead,7,Don Quixote,Miguel de Cervantes
Claire Armitstead,8,Middlemarch,George Eliot
Claire Armitstead,9,Jane Eyre,Charlotte Brontë
Claire Armitstead,10,Moby-Dick,Herman Melville
Jacqueline Rose,1,In Search of Lost Time,Marcel Proust
Jacqueline Rose,2,Daniel Deronda,George Eliot
Jacqueline Rose,3,Ulysses,James Joyce
Jacqueline Rose,4,Beloved,Toni Morrison
Jacqueline Rose,5,The Golden Bowl,Henry James
Jacqueline Rose,6,The Waves,Virginia Woolf
Jacqueline Rose,7,A Girl Is a Half-Formed Thing,Eimear McBride
Jacqueline Rose,8,Milkman,Anna Burns
Jacqueline Rose,9,Their Eyes Were Watching God,Zora Neale Hurston
Jacqueline Rose,10,A Question of Power,Bessie Head
Yiyun Li,1,Middlemarch,George Eliot
Yiyun Li,2,Persuasion,Jane Austen
Yiyun Li,3,Moby-Dick,Herman Melville
Yiyun Li,4,War and Peace,Leo Tolstoy
Yiyun Li,5,To the Lighthouse,Virginia Woolf
Yiyun Li,6,A Farewell to Arms,Ernest Hemingway
Yiyun Li,7,The Story of Lucy Gault,William Trevor
Yiyun Li,8,The Transit of Venus,Shirley Hazzard
Yiyun Li,9,Housekeeping,Marilynne Robinson
Yiyun Li,10,White Teeth,Zadie Smith
Lucas Rijneveld,1,Frankenstein,Mary Shelley
Lucas Rijneveld,2,Slaughterhouse-Five,Kurt Vonnegut
Lucas Rijneveld,3,Grief Is the Thing With Feathers,Max Porter
Lucas Rijneveld,4,The Hobbit,J.R.R. Tolkien
Lucas Rijneveld,5,Lolita,Vladimir Nabokov
Lucas Rijneveld,6,Drive Your Plow Over the Bones of the Dead,Olga Tokarczuk
Lucas Rijneveld,7,The Fall of the House of Usher,Edgar Allan Poe
Lucas Rijneveld,8,Emily Wilde's Encyclopaedia of Faeries,Heather Fawcett
Lucas Rijneveld,9,Bear,Marian Engel
Lucas Rijneveld,10,On Earth We're Briefly Gorgeous,Ocean Vuong
Colum McCann,1,Ulysses,James Joyce
Colum McCann,2,Proxopera,Benedict Kiely
Colum McCann,3,At Swim-Two-Birds,Flann O'Brien
Colum McCann,4,Song of Solomon,Toni Morrison
Colum McCann,5,Coming Through Slaughter,Michael Ondaatje
Colum McCann,6,"The Life and Opinions of Tristram Shandy, Gentleman",Laurence Sterne
Colum McCann,7,Nineteen Eighty-Four,George Orwell
Colum McCann,8,The Grapes of Wrath,John Steinbeck
Colum McCann,9,Ragtime,EL Doctorow
Colum McCann,10,A Room of One's Own,Virginia Woolf
Jeet Thayil,1,Rig Veda,Anonymous
Jeet Thayil,2,The Divine Comedy,Dante Alighieri
Jeet Thayil,3,Ulysses,James Joyce
Jeet Thayil,4,One Hundred Years of Solitude,Gabriel García Márquez
Jeet Thayil,5,2666,Roberto Bolaño
Jeet Thayil,6,Pale Fire,Vladimir Nabokov
Jeet Thayil,7,Midnight's Children,Salman Rushdie
Jeet Thayil,8,White Teeth,Zadie Smith
Jeet Thayil,9,All About H. Hatterr,G. V. Desani
Jeet Thayil,10,Silent Spring,Rachel Carson
Derek Owusu,1,Invisible Man,Ralph Ellison
Derek Owusu,2,The Real Life of Sebastian Knight,Vladimir Nabokov
Derek Owusu,3,The Great Gatsby,F Scott Fitzgerald
Derek Owusu,4,Go Tell It on the Mountain,James Baldwin
Derek Owusu,5,Things Fall Apart,Chinua Achebe
Derek Owusu,6,White Teeth,Zadie Smith
Derek Owusu,7,Heart of Darkness,Joseph Conrad
Derek Owusu,8,The Grass Is Singing,Doris Lessing
Derek Owusu,9,The Coming Bad Days,Sarah Bernstein
Derek Owusu,10,Kafka on the Shore,Haruki Murakami
Douglas Stuart,1,Beloved,Toni Morrison
Douglas Stuart,2,Jude the Obscure,Thomas Hardy
Douglas Stuart,3,The Brothers Karamazov,Fyodor Dostoyevsky
Douglas Stuart,4,Disgrace,JM Coetzee
Douglas Stuart,5,A Kestrel for a Knave,Barry Hines
Douglas Stuart,6,The Line of Beauty,Alan Hollinghurst
Douglas Stuart,7,Trainspotting,Irvine Welsh
Douglas Stuart,8,My Brilliant Friend,Elena Ferrante
Douglas Stuart,9,"How Late It Was, How Late",James Kelman
Douglas Stuart,10,Lolita,Vladimir Nabokov
Joe Dunthorne,1,The Rings of Saturn,WG Sebald
Joe Dunthorne,2,Blood Meridian,Cormac McCarthy
Joe Dunthorne,3,Housekeeping,Marilynne Robinson
Joe Dunthorne,4,White Noise,Don DeLillo
Joe Dunthorne,5,Two Serious Ladies,Jane Bowles
Joe Dunthorne,6,The Talented Mr Ripley,Patricia Highsmith
Joe Dunthorne,7,Ragtime,EL Doctorow
Joe Dunthorne,8,The Remains of the Day,Kazuo Ishiguro
Joe Dunthorne,9,True History of the Kelly Gang,Peter Carey
Joe Dunthorne,10,The Third Policeman,Flann O'Brien
Sarah Bakewell,1,The Magic Mountain,Thomas Mann
Sarah Bakewell,2,In Search of Lost Time,Marcel Proust
Sarah Bakewell,3,"The Life and Opinions of Tristram Shandy, Gentleman",Laurence Sterne
Sarah Bakewell,4,War and Peace,Leo Tolstoy
Sarah Bakewell,5,Life and Fate,Vasily Grossman
Sarah Bakewell,6,Nineteen Eighty-Four,George Orwell
Sarah Bakewell,7,Alice's Adventures in Wonderland,Lewis Carroll
Sarah Bakewell,8,Middlemarch,George Eliot
Sarah Bakewell,9,Howards End,EM Forster
Sarah Bakewell,10,The Gormenghast Novels,Mervyn Peake
Kate Mosse,1,Wuthering Heights,Emily Brontë
Kate Mosse,2,Sleeping Murder,Agatha Christie
Kate Mosse,3,The Bluest Eye,Toni Morrison
Kate Mosse,4,Demon Copperhead,Barbara Kingsolver
Kate Mosse,5,The Turn of the Screw,Henry James
Kate Mosse,6,The Tale of Genji,Murasaki Shikibu
Kate Mosse,7,The Street,Ann Petry
Kate Mosse,8,The Amazing Mr Blunden,Antonia Barber
Kate Mosse,9,The Pilgrim's Progress,John Bunyan
Kate Mosse,10,Frankenstein,Mary Shelley
Philippe Sands,1,Soldiers of Salamis,Javier Cercas
Philippe Sands,2,The Trial,Franz Kafka
Philippe Sands,3,Human Acts,Han Kang
Philippe Sands,4,Life and Fate,Vasily Grossman
Philippe Sands,5,By Night in Chile,Roberto Bolaño
Philippe Sands,6,Commonwealth,Ann Patchett
Philippe Sands,7,The Master and Margarita,Mikhail Bulgakov
Philippe Sands,8,The Man Who Planted Trees,Jean Giono
Philippe Sands,9,Afterlives,Abdulrazak Gurnah
Philippe Sands,10,The Line of Beauty,Alan Hollinghurst
Katherine Rundell,1,Emma,Jane Austen
Katherine Rundell,2,Middlemarch,George Eliot
Katherine Rundell,3,Frankenstein,Mary Shelley
Katherine Rundell,4,Beloved,Toni Morrison
Katherine Rundell,5,Gilead,Marilynne Robinson
Katherine Rundell,6,Alice's Adventures in Wonderland,Lewis Carroll
Katherine Rundell,7,The Brothers Karamazov,Fyodor Dostoyevsky
Katherine Rundell,8,Wolf Hall,Hilary Mantel
Katherine Rundell,9,Moominland Midwinter,Tove Jansson
Katherine Rundell,10,The Count of Monte Cristo,Alexandre Dumas
Natasha Walter,1,The Years,Annie Ernaux
Natasha Walter,2,Beloved,Toni Morrison
Natasha Walter,3,War and Peace,Leo Tolstoy
Natasha Walter,4,All Our Yesterdays,Natalia Ginzburg
Natasha Walter,5,Things Fall Apart,Chinua Achebe
Natasha Walter,6,To the Lighthouse,Virginia Woolf
Natasha Walter,7,My Brilliant Friend,Elena Ferrante
Natasha Walter,8,Nervous Conditions,Tsitsi Dangarembga
Natasha Walter,9,The Golden Notebook,Doris Lessing
Natasha Walter,10,Sons and Lovers,D. H. Lawrence
Kevin Power,1,Ulysses,James Joyce
Kevin Power,2,Lolita,Vladimir Nabokov
Kevin Power,3,Mrs Dalloway,Virginia Woolf
Kevin Power,4,Money,Martin Amis
Kevin Power,5,The Sound and the Fury,William Faulkner
Kevin Power,6,Heart of Darkness,Joseph Conrad
Kevin Power,7,Madame Bovary,Gustave Flaubert
Kevin Power,8,The Corrections,Jonathan Franzen
Kevin Power,9,Herzog,Saul Bellow
Kevin Power,10,The Portrait of a Lady,Henry James
Kathryn Hughes,1,Middlemarch,George Eliot
Kathryn Hughes,2,Jane Eyre,Charlotte Brontë
Kathryn Hughes,3,Bleak House,Charles Dickens
Kathryn Hughes,4,Pride and Prejudice,Jane Austen
Kathryn Hughes,5,Orlando,Virginia Woolf
Kathryn Hughes,6,Cranford,Elizabeth Gaskell
Kathryn Hughes,7,Brideshead Revisited,Evelyn Waugh
Kathryn Hughes,8,Midnight's Children,Salman Rushdie
Kathryn Hughes,9,Flaubert's Parrot,Julian Barnes
Kathryn Hughes,10,The Turn of the Screw,Henry James
Maya Jasanoff,1,Middlemarch,George Eliot
Maya Jasanoff,2,Bleak House,Charles Dickens
Maya Jasanoff,3,Anna Karenina,Leo Tolstoy
Maya Jasanoff,4,Buddenbrooks,Thomas Mann
Maya Jasanoff,5,Mrs Dalloway,Virginia Woolf
Maya Jasanoff,6,Heart of Darkness,Joseph Conrad
Maya Jasanoff,7,Sentimental Education,Gustave Flaubert
Maya Jasanoff,8,A House for Mr Biswas,VS Naipaul
Maya Jasanoff,9,The Adventures of Augie March,Saul Bellow
Maya Jasanoff,10,A Suitable Boy,Vikram Seth
Sukhdev Sandhu,1,Three Men in a Boat,Jerome K. Jerome
Sukhdev Sandhu,2,Berlin Alexanderplatz,Alfred Döblin
Sukhdev Sandhu,3,Jude the Obscure,Thomas Hardy
Sukhdev Sandhu,4,Germinal,Émile Zola
Sukhdev Sandhu,5,A House for Mr Biswas,VS Naipaul
Sukhdev Sandhu,6,The Man Without Qualities,Robert Musil
Sukhdev Sandhu,7,Swami and Friends,R. K. Narayan
Sukhdev Sandhu,8,Too Loud a Solitude,Bohumil Hrabal
Sukhdev Sandhu,9,"The Life and Opinions of Tristram Shandy, Gentleman",Laurence Sterne
Sukhdev Sandhu,10,The Fish Can Sing,Halldór Laxness
Lisa Tuttle,1,The Handmaid's Tale,Margaret Atwood
Lisa Tuttle,2,Sentimental Education,Gustave Flaubert
Lisa Tuttle,3,The Turn of the Screw,Henry James
Lisa Tuttle,4,Bleak House,Charles Dickens
Lisa Tuttle,5,Persuasion,Jane Austen
Lisa Tuttle,6,Kindred,Octavia E Butler
Lisa Tuttle,7,Jane Eyre,Charlotte Brontë
Lisa Tuttle,8,The Great Gatsby,F Scott Fitzgerald
Lisa Tuttle,9,The Tale of Genji,Murasaki Shikibu
Lisa Tuttle,10,The Golden Notebook,Doris Lessing
David Diop,1,Black Boy,Richard Wright
David Diop,2,The Trial,Franz Kafka
David Diop,3,Memoirs of Hadrian,Marguerite Yourcenar
David Diop,4,Seasons of Anomy,Wole Soyinka
David Diop,5,Allah Is Not Obliged,Ahmadou Kourouma
David Diop,6,A River Called Time,Mia Couto
David Diop,7,One Hundred Years of Solitude,Gabriel García Márquez
David Diop,8,Paradise,Abdulrazak Gurnah
David Diop,9,Crooked Plow,Itamar Vieira Junior
David Diop,10,Tar Baby,Toni Morrison
Sayaka Murata,1,The Stranger,Albert Camus
Sayaka Murata,2,The Vegetarian,Han Kang
Sayaka Murata,3,The Metamorphosis,Franz Kafka
Sayaka Murata,4,Record of a Night Too Brief,Kawakami Hiromi
Sayaka Murata,5,Never Let Me Go,Kazuo Ishiguro
Sayaka Murata,6,No Longer Human,Osamu Dazai
Sayaka Murata,7,The Memory Police,Yoko Ogawa
Sayaka Murata,8,Ice,Anna Kavan
Sayaka Murata,9,Confessions of a Mask,Yukio Mishima
Sayaka Murata,10,Scattered All Over the Earth,Yoko Tawada
Adam Thirlwell,1,War and Peace,Leo Tolstoy
Adam Thirlwell,2,In Search of Lost Time,Marcel Proust
Adam Thirlwell,3,The Man Without Qualities,Robert Musil
Adam Thirlwell,4,"The Life and Opinions of Tristram Shandy, Gentleman",Laurence Sterne
Adam Thirlwell,5,Orlando,Virginia Woolf
Adam Thirlwell,6,I Served the King of England,Bohumil Hrabal
Adam Thirlwell,7,The Trial,Franz Kafka
Adam Thirlwell,8,The Autobiography of Alice B. Toklas,Gertrude Stein
Adam Thirlwell,9,"Life, a User's Manual",Georges Perec
Adam Thirlwell,10,Chéri,Colette
Melissa Broder,1,Madame Bovary,Gustave Flaubert
Melissa Broder,2,The Age of Innocence,Edith Wharton
Melissa Broder,3,Ivan Ilyitch,Leo Tolstoy
Melissa Broder,4,Woodcutters,Thomas Bernhard
Melissa Broder,5,Death in Venice,Thomas Mann
Melissa Broder,6,Lolita,Vladimir Nabokov
Melissa Broder,7,The Passion According to G.h.,Clarice Lispector
Melissa Broder,8,Middlemarch,George Eliot
Melissa Broder,9,Mrs Dalloway,Virginia Woolf
Melissa Broder,10,Portnoy's Complaint,Philip Roth
Jack Edwards,1,Sula,Toni Morrison
Jack Edwards,2,Emma,Jane Austen
Jack Edwards,3,Nineteen Eighty-Four,George Orwell
Jack Edwards,4,The Good Soldier,Ford Madox Ford
Jack Edwards,5,A Little Life,Hanya Yanagihara
Jack Edwards,6,The God of Small Things,Arundhati Roy
Jack Edwards,7,The Picture of Dorian Gray,Oscar Wilde
Jack Edwards,8,To the Lighthouse,Virginia Woolf
Jack Edwards,9,Wide Sargasso Sea,Jean Rhys
Jack Edwards,10,Martyr!,Kaveh Akbar
Elif Shafak,1,One Hundred Years of Solitude,Gabriel García Márquez
Elif Shafak,2,Don Quixote,Miguel de Cervantes
Elif Shafak,3,Ulysses,James Joyce
Elif Shafak,4,The Metamorphosis,Franz Kafka
Elif Shafak,5,Orlando,Virginia Woolf
Elif Shafak,6,Madame Bovary,Gustave Flaubert
Elif Shafak,7,The Bell Jar,Sylvia Plath
Elif Shafak,8,The Name of the Rose,Umberto Eco
Elif Shafak,9,Rebecca,Daphne du Maurier
Elif Shafak,10,The Master and Margarita,Mikhail Bulgakov
Maya Jaggi,1,Anna Karenina,Leo Tolstoy
Maya Jaggi,2,A Portrait of the Artist as a Young Man,James Joyce
Maya Jaggi,3,The Tin Drum,Günter Grass
Maya Jaggi,4,The Bluest Eye,Toni Morrison
Maya Jaggi,5,In the Skin of a Lion,Michael Ondaatje
Maya Jaggi,6,Maps,Nuruddin Farah
Maya Jaggi,7,A Mind at Peace,Ahmet Hamdi Tanpınar
Maya Jaggi,8,On the Edge of Reason,Miroslav Krleža
Maya Jaggi,9,The Dew Breaker,Edwidge Danticat
Maya Jaggi,10,Eighth Life,Nino Haratischvili
Matt Haig,1,Invisible Cities,Italo Calvino
Matt Haig,2,Wuthering Heights,Emily Brontë
Matt Haig,3,The Outsiders,S. E. Hinton
Matt Haig,4,The Power and the Glory,Graham Greene
Matt Haig,5,Jane Eyre,Charlotte Brontë
Matt Haig,6,Things We Lost in the Fire,Mariana Enriquez
Matt Haig,7,Don Quixote,Miguel de Cervantes
Matt Haig,8,The Hitch Hiker's Guide to the Galaxy,Douglas Adams
Matt Haig,9,Siddhartha,Hermann Hesse
Matt Haig,10,The Count of Monte Cristo,Alexandre Dumas
Rebecca Liu,1,Anna Karenina,Leo Tolstoy
Rebecca Liu,2,Beloved,Toni Morrison
Rebecca Liu,3,Madame Bovary,Gustave Flaubert
Rebecca Liu,4,The Golden Notebook,Doris Lessing
Rebecca Liu,5,Notes From the Underground,Fyodor Dostoevsky
Rebecca Liu,6,The Lonely Londoners,Samuel Selvon
Rebecca Liu,7,Infinite Jest,David Foster Wallace
Rebecca Liu,8,Golden Age,Wang Xiaobo
Rebecca Liu,9,The Dispossessed,Ursula K. Le Guin
Rebecca Liu,10,The Stranger,Albert Camus
Sinéad Gleeson,1,Ulysses,James Joyce
Sinéad Gleeson,2,To the Lighthouse,Virginia Woolf
Sinéad Gleeson,3,Their Eyes Were Watching God,Zora Neale Hurston
Sinéad Gleeson,4,"Lolly Willowes, Or, the Loving Huntsman",Sylvia Townsend Warner
Sinéad Gleeson,5,Midnight's Children,Salman Rushdie
Sinéad Gleeson,6,The Prime of Miss Jean Brodie,Muriel Spark
Sinéad Gleeson,7,Who Will Run the Frog Hospital?,Lorrie Moore
Sinéad Gleeson,8,The Lover,Marguerite Duras
Sinéad Gleeson,9,Amongst Women,John McGahern
Sinéad Gleeson,10,Hotel Du Lac,Anita Brookner
Ahdaf Soueif,1,Middlemarch,George Eliot
Ahdaf Soueif,2,Anna Karenina,Leo Tolstoy
Ahdaf Soueif,3,The Leopard,Giuseppe Tomasi di Lampedusa
Ahdaf Soueif,4,A Sentimental Journey,Laurence Sterne
Ahdaf Soueif,5,Sudden Death,Álvaro Enrigue
Ahdaf Soueif,6,Great Expectations,Charles Dickens
Ahdaf Soueif,7,Pride and Prejudice,Jane Austen
Ahdaf Soueif,8,The Catcher in the Rye,J. D. Salinger
Ahdaf Soueif,9,A Farewell to Arms,Ernest Hemingway
Ahdaf Soueif,10,One Hundred Years of Solitude,Gabriel García Márquez
Richard Osman,1,A Month in the Country,J. L. Carr
Richard Osman,2,The Talented Mr Ripley,Patricia Highsmith
Richard Osman,3,Lonesome Dove,Larry McMurtry
Richard Osman,4,Towards the End of the Morning,Michael Frayn
Richard Osman,5,Life After Life,Kate Atkinson
Richard Osman,6,The Goldfinch,Donna Tartt
Richard Osman,7,One Hundred Years of Solitude,Gabriel García Márquez
Richard Osman,8,Middlemarch,George Eliot
Richard Osman,9,Giovanni's Room,James Baldwin
Richard Osman,10,A Far Cry From Kensington,Muriel Spark
Valeria Luiselli,1,The Road,Cormac McCarthy
Valeria Luiselli,2,Pedro Páramo,Juan Rulfo
Valeria Luiselli,3,One Hundred Years of Solitude,Gabriel García Márquez
Valeria Luiselli,4,Disgrace,JM Coetzee
Valeria Luiselli,5,The Tartar Steppe,Dino Buzzati
Valeria Luiselli,6,Confessions of Zeno,Italo Svevo
Valeria Luiselli,7,Cartucho,Nellie Campobello
Valeria Luiselli,8,Nineteen Eighty-Four,George Orwell
Valeria Luiselli,9,Ulysses,James Joyce
Valeria Luiselli,10,The Empty Book,Josefina Vicens
Guy Gunaratne,1,Ulysses,James Joyce
Guy Gunaratne,2,The Brothers Karamazov,Fyodor Dostoyevsky
Guy Gunaratne,3,The Waves,Virginia Woolf
Guy Gunaratne,4,Murphy,Samuel Beckett
Guy Gunaratne,5,Song of Solomon,Toni Morrison
Guy Gunaratne,6,As I Lay Dying,William Faulkner
Guy Gunaratne,7,The Rings of Saturn,WG Sebald
Guy Gunaratne,8,The Adventures of Augie March,Saul Bellow
Guy Gunaratne,9,Giovanni's Room,James Baldwin
Guy Gunaratne,10,The Years,Annie Ernaux
Laura Wilson,1,Clarissa Harlowe,Samuel Richardson
Laura Wilson,2,Emma,Jane Austen
Laura Wilson,3,Madame Bovary,Gustave Flaubert
Laura Wilson,4,Nineteen Eighty-Four,George Orwell
Laura Wilson,5,Alice in Wonderland,Lewis Carroll
Laura Wilson,6,Charlotte's Web,E. B. White
Laura Wilson,7,Great Expectations,Charles Dickens
Laura Wilson,8,All Quiet on the Western Front,Erich Maria Remarque
Laura Wilson,9,The Grapes of Wrath,John Steinbeck
Laura Wilson,10,The Remains of the Day,Kazuo Ishiguro
Claire Messud,1,Anna Karenina,Leo Tolstoy
Claire Messud,2,Madame Bovary,Gustave Flaubert
Claire Messud,3,In Search of Lost Time,Marcel Proust
Claire Messud,4,Things Fall Apart,Chinua Achebe
Claire Messud,5,Beloved,Toni Morrison
Claire Messud,6,Mrs Dalloway,Virginia Woolf
Claire Messud,7,The Rings of Saturn,WG Sebald
Claire Messud,8,The Blue Flower,Penelope Fitzgerald
Claire Messud,9,Underworld,Don DeLillo
Claire Messud,10,A Fine Balance,Rohinton Mistry
Colm Tóibín,1,Ulysses,James Joyce
Colm Tóibín,2,The Golden Bowl,Henry James
Colm Tóibín,3,In Search of Lost Time,Marcel Proust
Colm Tóibín,4,The Trial,Franz Kafka
Colm Tóibín,5,Buddenbrooks,Thomas Mann
Colm Tóibín,6,The Outsider,Albert Camus
Colm Tóibín,7,To the Lighthouse,Virginia Woolf
Colm Tóibín,8,One Hundred Years of Solitude,Gabriel García Márquez
Colm Tóibín,9,The Sun Also Rises,Ernest Hemingway
Colm Tóibín,10,The Age of Innocence,Edith Wharton
Uzma Aslam Khan,1,Memory of Fire,Eduardo Galeano
Uzma Aslam Khan,2,The God of Small Things,Arundhati Roy
Uzma Aslam Khan,3,The Known World,Edward P Jones
Uzma Aslam Khan,4,The Moor's Account,Laila Lalami
Uzma Aslam Khan,5,The English Patient,Michael Ondaatje
Uzma Aslam Khan,6,Slave Old Man,Patrick Chamoiseau
Uzma Aslam Khan,7,Ceremony,Leslie Silko
Uzma Aslam Khan,8,Beloved,Toni Morrison
Uzma Aslam Khan,9,Minor Detail,Adania Shibli
Uzma Aslam Khan,10,A Room of One's Own,Virginia Woolf
Parinoush Saniee,1,Savushun,Simin Daneshvar
Parinoush Saniee,2,Animal Farm,George Orwell
Parinoush Saniee,3,Nineteen Eighty-Four,George Orwell
Parinoush Saniee,4,One Hundred Years of Solitude,Gabriel García Márquez
Parinoush Saniee,5,The Alchemist,Paulo Coelho
Parinoush Saniee,6,Pride and Prejudice,Jane Austen
Parinoush Saniee,7,The Trial,Franz Kafka
Parinoush Saniee,8,The Master and Margarita,Mikhail Bulgakov
Parinoush Saniee,9,Siddhartha,Hermann Hesse
Parinoush Saniee,10,The Blind Owl,Sadegh Hedayat
Ali Smith,1,Beloved,Toni Morrison
Ali Smith,2,Loitering With Intent,Muriel Spark
Ali Smith,3,The Prime of Miss Jean Brodie,Muriel Spark
Ali Smith,4,Invitation to a Beheading,Vladimir Nabokov
Ali Smith,5,After Midnight,Irmgard Keun
Ali Smith,6,Lanark,Alasdair Gray
Ali Smith,7,David Copperfield,Charles Dickens
Ali Smith,8,Michael Kohlhaas,Heinrich von Kleist
Ali Smith,9,Emma,Jane Austen
Ali Smith,10,The Summer Book,Tove Jansson
Catherine Taylor,1,A Model Childhood,Christa Wolf
Catherine Taylor,2,The Makioka Sisters,Jun'ichirō Tanizaki
Catherine Taylor,3,The Golden Bowl,Henry James
Catherine Taylor,4,Nineteen Eighty-Four,George Orwell
Catherine Taylor,5,To the Lighthouse,Virginia Woolf
Catherine Taylor,6,Nervous Conditions,Tsitsi Dangarembga
Catherine Taylor,7,All Our Yesterdays,Natalia Ginzburg
Catherine Taylor,8,The Rainbow,DH Lawrence
Catherine Taylor,9,The Secret Agent,Joseph Conrad
Catherine Taylor,10,Villette,Charlotte Brontë
Chigozie Obioma,1,Blood Meridian,Cormac McCarthy
Chigozie Obioma,2,Hunger,Knut Hamsun
Chigozie Obioma,3,Arrow of God,Chinua Achebe
Chigozie Obioma,4,"Cry, the Beloved Country",Alan Paton
Chigozie Obioma,5,The Waves,Virginia Woolf
Chigozie Obioma,6,War and Peace,Leo Tolstoy
Chigozie Obioma,7,Season of Migration to the North,Tayeb Salih
Chigozie Obioma,8,The Pilgrim's Progress,John Bunyan
Chigozie Obioma,9,All Quiet on the Western Front,Erich Maria Remarque
Chigozie Obioma,10,Thirst for Love,Yukio Mishima
Ben Markovits,1,The Scarlet Letter,Nathaniel Hawthorne
Ben Markovits,2,Mansfield Park,Jane Austen
Ben Markovits,3,Pnin,Vladimir Nabokov
Ben Markovits,4,Cranford,Elizabeth Gaskell
Ben Markovits,5,Things Fall Apart,Chinua Achebe
Ben Markovits,6,The Portrait of a Lady,Henry James
Ben Markovits,7,Middlemarch,George Eliot
Ben Markovits,8,Rabbit Is Rich,John Updike
Ben Markovits,9,To the Lighthouse,Virginia Woolf
Ben Markovits,10,Seize the Day,Saul Bellow
Sophie Mackintosh,1,Light Years,James Salter
Sophie Mackintosh,2,Beloved,Toni Morrison
Sophie Mackintosh,3,Jane Eyre,Charlotte Brontë
Sophie Mackintosh,4,The Piano Teacher,Elfriede Jelinek
Sophie Mackintosh,5,Heart so White,Javier Marías
Sophie Mackintosh,6,Giovanni's Room,James Baldwin
Sophie Mackintosh,7,The Magic Toyshop,Angela Carter
Sophie Mackintosh,8,The End of the Affair,Graham Greene
Sophie Mackintosh,9,The Vegetarian,Han Kang
Sophie Mackintosh,10,Morvern Callar,Alan Warner
Alex Needham,1,Life and Fate,Vasily Grossman
Alex Needham,2,Pale Fire,Vladimir Nabokov
Alex Needham,3,Hurricane Season,Fernanda Melchor
Alex Needham,4,The Line of Beauty,Alan Hollinghurst
Alex Needham,5,Middlemarch,George Eliot
Alex Needham,6,Mansfield Park,Jane Austen
Alex Needham,7,A Rabbit Omnibus,John Updike
Alex Needham,8,Austerlitz,WG Sebald
Alex Needham,9,The Golden Notebook,Doris Lessing
Alex Needham,10,Senseless,Paul Golding
Tessa Hadley,1,War and Peace,Leo Tolstoy
Tessa Hadley,2,Middlemarch,George Eliot
Tessa Hadley,3,Jane Eyre,Charlotte Brontë
Tessa Hadley,4,Madame Bovary,Gustave Flaubert
Tessa Hadley,5,Persuasion,Jane Austen
Tessa Hadley,6,A Guest of Honour,Nadine Gordimer
Tessa Hadley,7,Parade's End,Ford Madox Ford
Tessa Hadley,8,The Rainbow,DH Lawrence
Tessa Hadley,9,The Ambassadors,Henry James
Tessa Hadley,10,The Death of the Heart,Elizabeth Bowen
Jennifer Egan,1,Middlemarch,George Eliot
Jennifer Egan,2,Pride and Prejudice,Jane Austen
Jennifer Egan,3,"Clarissa, Or, the History of a Young Lady",Samuel Richardson
Jennifer Egan,4,Invisible Man,Ralph Ellison
Jennifer Egan,5,"The Life and Opinions of Tristram Shandy, Gentleman",Laurence Sterne
Jennifer Egan,6,To the Lighthouse,Virginia Woolf
Jennifer Egan,7,The Bluest Eye,Toni Morrison
Jennifer Egan,8,Underworld,Don DeLillo
Jennifer Egan,9,Barchester Towers,Anthony Trollope
Jennifer Egan,10,The House of Mirth,Edith Wharton
Xan Brooks,1,Cannery Row,John Steinbeck
Xan Brooks,2,The Great Gatsby,F Scott Fitzgerald
Xan Brooks,3,Pale Fire,Vladimir Nabokov
Xan Brooks,4,Middlemarch,George Eliot
Xan Brooks,5,My Ántonia,Willa Cather
Xan Brooks,6,Bleak House,Charles Dickens
Xan Brooks,7,Invisible Man,Ralph Ellison
Xan Brooks,8,A New Life,Bernard Malamud
Xan Brooks,9,Blood Meridian,Cormac McCarthy
Xan Brooks,10,A Wizard of Earthsea,Ursula K. Le Guin
Nina Stibbe,1,"Ducks, Newburyport",Lucy Ellmann
Nina Stibbe,2,The Country Girls,Edna O'Brien
Nina Stibbe,3,The God of Small Things,Arundhati Roy
Nina Stibbe,4,Cannery Row,John Steinbeck
Nina Stibbe,5,"The Life and Opinions of Tristram Shandy, Gentleman",Laurence Sterne
Nina Stibbe,6,Go Tell It on the Mountain,James Baldwin
Nina Stibbe,7,Money,Martin Amis
Nina Stibbe,8,"The Fortnight in September,",R. C. Sherriff
Nina Stibbe,9,The Code of the Woosters,P. G. Wodehouse
Nina Stibbe,10,David Copperfield,Charles Dickens
Samantha Harvey,1,Mrs Dalloway,Virginia Woolf
Samantha Harvey,2,The Siege of Krishnapur,J. G. Farrell
Samantha Harvey,3,Silas Marner,George Eliot
Samantha Harvey,4,Tess of the D'urbervilles,Thomas Hardy
Samantha Harvey,5,Home,Marilynne Robinson
Samantha Harvey,6,All the Names,José Saramago
Samantha Harvey,7,The Power and the Glory,Graham Greene
Samantha Harvey,8,The Hunchback of Notre-Dame,Victor Hugo
Samantha Harvey,9,Disgrace,JM Coetzee
Samantha Harvey,10,Restoration,Rose Tremain
Charlotte Higgins,1,Middlemarch,George Eliot
Charlotte Higgins,2,Ulysses,James Joyce
Charlotte Higgins,3,In Search of Lost Time,Marcel Proust
Charlotte Higgins,4,Bleak House,Charles Dickens
Charlotte Higgins,5,Emma,Jane Austen
Charlotte Higgins,6,"The Life and Opinions of Tristram Shandy, Gentleman",Laurence Sterne
Charlotte Higgins,7,Villette,Charlotte Brontë
Charlotte Higgins,8,Vanity Fair,William Makepeace Thackeray
Charlotte Higgins,9,The Portrait of a Lady,Henry James
Charlotte Higgins,10,The 39 Steps,John Buchan
Justine Jordan,1,Ulysses,James Joyce
Justine Jordan,2,Middlemarch,George Eliot
Justine Jordan,3,Persuasion,Jane Austen
Justine Jordan,4,Midnight's Children,Salman Rushdie
Justine Jordan,5,Our Mutual Friend,Charles Dickens
Justine Jordan,6,Lolita,Vladimir Nabokov
Justine Jordan,7,Samuel Beckett Trilogy Molloy; Malone Dies; the Unnamable,Samuel Beckett
Justine Jordan,8,Beloved,Toni Morrison
Justine Jordan,9,Wolf Hall,Hilary Mantel
Justine Jordan,10,Catch-22,Joseph Heller
Kieran Goddard,1,Women in Love,D. H. Lawrence
Kieran Goddard,2,The Brothers Karamazov,Fyodor Dostoyevsky
Kieran Goddard,3,Ulysses,James Joyce
Kieran Goddard,4,To the Lighthouse,Virginia Woolf
Kieran Goddard,5,Middlemarch,George Eliot
Kieran Goddard,6,Jude the Obscure,Thomas Hardy
Kieran Goddard,7,Herzog,Saul Bellow
Kieran Goddard,8,Austerlitz,WG Sebald
Kieran Goddard,9,Housekeeping,Marilynne Robinson
Kieran Goddard,10,Disgrace,JM Coetzee
Alex Clark,1,Middlemarch,George Eliot
Alex Clark,2,In Search of Lost Time,Marcel Proust
Alex Clark,3,Ulysses,James Joyce
Alex Clark,4,If on a Winter's Night a Traveller,Italo Calvino
Alex Clark,5,The Golden Notebook,Doris Lessing
Alex Clark,6,Invisible Man,Ralph Ellison
Alex Clark,7,A Bend in the River,V. S. Naipaul
Alex Clark,8,Gilead,Marilynne Robinson
Alex Clark,9,To the Lighthouse,Virginia Woolf
Alex Clark,10,Still Life,A. S. Byatt
Susanna Rustin,1,Mrs Dalloway,Virginia Woolf
Susanna Rustin,2,Emma,Jane Austen
Susanna Rustin,3,The Portrait of a Lady,Henry James
Susanna Rustin,4,Things Fall Apart,Chinua Achebe
Susanna Rustin,5,The Girls of Slender Means,Muriel Spark
Susanna Rustin,6,Klara and the Sun,Kazuo Ishiguro
Susanna Rustin,7,Beloved,Toni Morrison
Susanna Rustin,8,Jane Eyre,Charlotte Brontë
Susanna Rustin,9,Bleak House,Charles Dickens
Susanna Rustin,10,My Brilliant Friend,Elena Ferrante
Sara Collins,1,Beloved,Toni Morrison
Sara Collins,2,The Handmaid's Tale,Margaret Atwood
Sara Collins,3,Pride and Prejudice,Jane Austen
Sara Collins,4,Wide Sargasso Sea,Jean Rhys
Sara Collins,5,Nineteen Eighty-Four,George Orwell
Sara Collins,6,Midnight's Children,Salman Rushdie
Sara Collins,7,The Remains of the Day,Kazuo Ishiguro
Sara Collins,8,Anna Karenina,Leo Tolstoy
Sara Collins,9,The Poisonwood Bible,Barbara Kingsolver
Sara Collins,10,Invisible Man,Ralph Ellison
Houman Barekat,1,Madame Bovary,Gustave Flaubert
Houman Barekat,2,Ulysses,James Joyce
Houman Barekat,3,Middlemarch,George Eliot
Houman Barekat,4,Nostromo,Joseph Conrad
Houman Barekat,5,A Handful of Dust,Evelyn Waugh
Houman Barekat,6,Pale Fire,Vladimir Nabokov
Houman Barekat,7,Mrs Dalloway,Virginia Woolf
Houman Barekat,8,Humboldt's Gift,Saul Bellow
Houman Barekat,9,The Loser,Thomas Bernhard
Houman Barekat,10,The Black Prince,Iris Murdoch
Mark Haddon,1,Jacob's Room,Virginia Woolf
Mark Haddon,2,Bleak House,Charles Dickens
Mark Haddon,3,Tongues I,Anders Nilsen
Mark Haddon,4,The Safekeep,Yael van der Wouden
Mark Haddon,5,The Employees,Olga Ravn
Mark Haddon,6,Septology,Jon Fosse
Mark Haddon,7,Restoration,Rose Tremain
Mark Haddon,8,Here,Richard McGuire
Mark Haddon,9,Matrix,Lauren Groff
Mark Haddon,10,The Maniac,Benjamín Labatut
Stephen King,1,Moby-Dick,Herman Melville
Stephen King,2,Ulysses,James Joyce
Stephen King,3,Light in August,William Faulkner
Stephen King,4,The Heart Is a Lonely Hunter,Carson McCullers
Stephen King,5,The Satanic Verses,Salman Rushdie
Stephen King,6,Wise Blood,Flannery O'Connor
Stephen King,7,Huckleberry Finn,Mark Twain
Stephen King,8,Madame Bovary,Gustave Flaubert
Stephen King,9,Nana,Émile Zola
Stephen King,10,McTeague,Frank Norris
Ian McEwan,1,Ulysses,James Joyce
Ian McEwan,2,Anna Karenina,Leo Tolstoy
Ian McEwan,3,Middlemarch,George Eliot
Ian McEwan,4,The Plague,Albert Camus
Ian McEwan,5,The Metamorphosis,Franz Kafka
Ian McEwan,6,Pride and Prejudice,Jane Austen
Ian McEwan,7,Madame Bovary,Gustave Flaubert
Ian McEwan,8,The Magic Mountain,Thomas Mann
Ian McEwan,9,Our Mutual Friend,Charles Dickens
Ian McEwan,10,Rabbit at Rest,John Updike
Stuart Kelly,1,Middlemarch,George Eliot
Stuart Kelly,2,"The Life and Opinions of Tristram Shandy, Gentleman",Laurence Sterne
Stuart Kelly,3,Moby-Dick,Herman Melville
Stuart Kelly,4,Ulysses,James Joyce
Stuart Kelly,5,House of Leaves,Mark Z. Danielewski
Stuart Kelly,6,A Void,Georges Perec
Stuart Kelly,7,Textermination,Christine Brooke-Rose
Stuart Kelly,8,Loitering With Intent,Muriel Spark
Stuart Kelly,9,Cloud Atlas,David Mitchell
Stuart Kelly,10,The City & the City,China Miéville
Dinah Birch,1,Middlemarch,George Eliot
Dinah Birch,2,Persuasion,Jane Austen
Dinah Birch,3,David Copperfield,Charles Dickens
Dinah Birch,4,Jane Eyre,Charlotte Brontë
Dinah Birch,5,Barchester Towers,Anthony Trollope
Dinah Birch,6,Huckleberry Finn,Mark Twain
Dinah Birch,7,Anna Karenina,Leo Tolstoy
Dinah Birch,8,Song of Solomon,Toni Morrison
Dinah Birch,9,Midnight's Children,Salman Rushdie
Dinah Birch,10,Northern Lights,Philip Pullman
Alain Mabanckou,1,Things Fall Apart,Chinua Achebe
Alain Mabanckou,2,Palm-Wine Drinkard,Amos Tutuola
Alain Mabanckou,3,Too Loud a Solitude,Bohumil Hrabal
Alain Mabanckou,4,Pedro Páramo,Juan Rulfo
Alain Mabanckou,5,The Trial,Franz Kafka
Alain Mabanckou,6,The Name of the Rose,Umberto Eco
Alain Mabanckou,7,The Tartar Steppe,Dino Buzzati
Alain Mabanckou,8,If This Is a Man / the Truce,Primo Levi
Alain Mabanckou,9,On the Road,Jack Kerouac
Alain Mabanckou,10,The Catcher in the Rye,J. D. Salinger
Tahmima Anam,1,Midnight's Children,Salman Rushdie
Tahmima Anam,2,Beloved,Toni Morrison
Tahmima Anam,3,Anna Karenina,Leo Tolstoy
Tahmima Anam,4,Things Fall Apart,Chinua Achebe
Tahmima Anam,5,Persuasion,Jane Austen
Tahmima Anam,6,The Great Gatsby,F Scott Fitzgerald
Tahmima Anam,7,Jane Eyre,Charlotte Brontë
Tahmima Anam,8,Sultana's Dream,Rokeya Sakhawat Hossain
Tahmima Anam,9,The Vegetarian,Han Kang
Tahmima Anam,10,My Ántonia,Willa Cather
David Nicholls,1,Persuasion,Jane Austen
David Nicholls,2,Bleak House,Charles Dickens
David Nicholls,3,The Great Gatsby,F Scott Fitzgerald
David Nicholls,4,The Portrait of a Lady,Henry James
David Nicholls,5,Housekeeping,Marilynne Robinson
David Nicholls,6,To the Lighthouse,Virginia Woolf
David Nicholls,7,Howards End,EM Forster
David Nicholls,8,Sula,Toni Morrison
David Nicholls,9,The Prime of Miss Jean Brodie,Muriel Spark
David Nicholls,10,The Transit of Venus,Shirley Hazzard
Marcel Theroux,1,War and Peace,Leo Tolstoy
Marcel Theroux,2,Middlemarch,George Eliot
Marcel Theroux,3,Madame Bovary,Gustave Flaubert
Marcel Theroux,4,Pride and Prejudice,Jane Austen
Marcel Theroux,5,David Copperfield,Charles Dickens
Marcel Theroux,6,Nineteen Eighty-Four,George Orwell
Marcel Theroux,7,Gulliver's Travels,Jonathan Swift
Marcel Theroux,8,The Great Gatsby,F Scott Fitzgerald
Marcel Theroux,9,The Master and Margarita,Mikhail Bulgakov
Marcel Theroux,10,Kim,Rudyard Kipling
Natalie Haynes,1,The Memory Police,Yoko Ogawa
Natalie Haynes,2,Mussel Feast,Birgit Vanderbeke
Natalie Haynes,3,A Visit From the Goon Squad,Jennifer Egan
Natalie Haynes,4,Overstory,Richard Powers
Natalie Haynes,5,The Dark Is Rising,Susan Cooper
Natalie Haynes,6,The Luminaries,Eleanor Catton
Natalie Haynes,7,The Green Road,Anne Enright
Natalie Haynes,8,How to Be Both,Ali Smith
Natalie Haynes,9,The Noise of Time,Julian Barnes
Natalie Haynes,10,Tale for the Time Being,Ruth Ozeki
Diana Evans,1,Anna Karenina,Leo Tolstoy
Diana Evans,2,The House of the Spirits,Isabel Allende
Diana Evans,3,The God of Small Things,Arundhati Roy
Diana Evans,4,Things Fall Apart,Chinua Achebe
Diana Evans,5,Song of Solomon,Toni Morrison
Diana Evans,6,Middlesex,Jeffrey Eugenides
Diana Evans,7,Lolita,Vladimir Nabokov
Diana Evans,8,The Emperor's Babe,Bernardine Evaristo
Diana Evans,9,Half of a Yellow Sun,Chimamanda Ngozi Adichie
Diana Evans,10,Another Country,James Baldwin
Maaza Mengiste,1,Song of Solomon,Toni Morrison
Maaza Mengiste,2,The Book of Daniel,E. L. Doctorow
Maaza Mengiste,3,Afterlives,Abdulrazak Gurnah
Maaza Mengiste,4,Nervous Conditions,Tsitsi Dangarembga
Maaza Mengiste,5,Wolf Hall,Hilary Mantel
Maaza Mengiste,6,Visitation,Jenny Erpenbeck
Maaza Mengiste,7,The Known World,Edward P Jones
Maaza Mengiste,8,Human Acts,Han Kang
Maaza Mengiste,9,War and Peace,Leo Tolstoy
Maaza Mengiste,10,Go Tell It on the Mountain,James Baldwin
Sarah Crown,1,Middlemarch,George Eliot
Sarah Crown,2,To Kill a Mockingbird,Harper Lee
Sarah Crown,3,The Book of Daniel,E. L. Doctorow
Sarah Crown,4,Possession,A. S. Byatt
Sarah Crown,5,Grey King,Susan Cooper
Sarah Crown,6,American Pastoral,Philip Roth
Sarah Crown,7,Pale Fire,Vladimir Nabokov
Sarah Crown,8,Under Milk Wood,Dylan Thomas
Sarah Crown,9,East of Eden,John Steinbeck
Sarah Crown,10,Danny the Champion of the World,Roald Dahl
Alexandra Harris,1,To the Lighthouse,Virginia Woolf
Alexandra Harris,2,The Waves,Virginia Woolf
Alexandra Harris,3,The Return of the Native,Thomas Hardy
Alexandra Harris,4,Jacob's Room,Virginia Woolf
Alexandra Harris,5,My Ántonia,Willa Cather
Alexandra Harris,6,"The Life and Opinions of Tristram Shandy, Gentleman",Laurence Sterne
Alexandra Harris,7,Ulysses,James Joyce
Alexandra Harris,8,The Good Soldier,Ford Madox Ford
Alexandra Harris,9,The Mirror and the Light,Hilary Mantel
Alexandra Harris,10,How to Be Both,Ali Smith
Lisa Allardice,1,Middlemarch,George Eliot
Lisa Allardice,2,To the Lighthouse,Virginia Woolf
Lisa Allardice,3,The Pursuit of Love,Nancy Mitford
Lisa Allardice,4,The Handmaid's Tale,Margaret Atwood
Lisa Allardice,5,The Prime of Miss Jean Brodie,Muriel Spark
Lisa Allardice,6,Rebecca,Daphne du Maurier
Lisa Allardice,7,Beloved,Toni Morrison
Lisa Allardice,8,The Portrait of a Lady,Henry James
Lisa Allardice,9,Mrs Dalloway,Virginia Woolf
Lisa Allardice,10,Persuasion,Jane Austen
Clare Clark,1,Madame Bovary,Gustave Flaubert
Clare Clark,2,Middlemarch,George Eliot
Clare Clark,3,The Great Gatsby,F Scott Fitzgerald
Clare Clark,4,Anna Karenina,Leo Tolstoy
Clare Clark,5,Emma,Jane Austen
Clare Clark,6,Mrs Dalloway,Virginia Woolf
Clare Clark,7,The Go-Between,LP Hartley
Clare Clark,8,A Fine Balance,Rohinton Mistry
Clare Clark,9,The Remains of the Day,Kazuo Ishiguro
Clare Clark,10,Wolf Hall,Hilary Mantel
Ben Okri,1,Don Quixote,Miguel de Cervantes
Ben Okri,2,War and Peace,Leo Tolstoy
Ben Okri,3,The Brothers Karamazov,Fyodor Dostoyevsky
Ben Okri,4,Pride and Prejudice,Jane Austen
Ben Okri,5,Moby-Dick,Herman Melville
Ben Okri,6,Ulysses,James Joyce
Ben Okri,7,In Search of Lost Time,Marcel Proust
Ben Okri,8,Invisible Man,Ralph Ellison
Ben Okri,9,One Hundred Years of Solitude,Gabriel García Márquez
Ben Okri,10,La Princesse De Cleves,Madame de La Fayette
Dorian Lynskey,1,U.s.a.,John Dos Passos
Dorian Lynskey,2,Libra,Don DeLillo
Dorian Lynskey,3,The Remains of the Day,Kazuo Ishiguro
Dorian Lynskey,4,Heart of Darkness,Joseph Conrad
Dorian Lynskey,5,Ragtime,EL Doctorow
Dorian Lynskey,6,American Pastoral,Philip Roth
Dorian Lynskey,7,Nineteen Eighty-Four,George Orwell
Dorian Lynskey,8,Station Eleven,Emily St. John Mandel
Dorian Lynskey,9,The Line of Beauty,Alan Hollinghurst
Dorian Lynskey,10,The Age of Innocence,Edith Wharton
Arifa Akbar,1,Wuthering Heights,Emily Brontë
Arifa Akbar,2,Anna Karenina,Leo Tolstoy
Arifa Akbar,3,Frankenstein,Mary Shelley
Arifa Akbar,4,Death in Venice,Thomas Mann
Arifa Akbar,5,Beloved,Toni Morrison
Arifa Akbar,6,The Piano Teacher,Elfriede Jelinek
Arifa Akbar,7,Nineteen Eighty-Four,George Orwell
Arifa Akbar,8,Wise Children,Angela Carter
Arifa Akbar,9,American Pastoral,Philip Roth
Arifa Akbar,10,The Handmaid's Tale,Margaret Atwood
Aida Edemariam,1,Middlemarch,George Eliot
Aida Edemariam,2,The Great Gatsby,F Scott Fitzgerald
Aida Edemariam,3,The Go-Between,LP Hartley
Aida Edemariam,4,Emma,Jane Austen
Aida Edemariam,5,Beloved,Toni Morrison
Aida Edemariam,6,Mrs Dalloway,Virginia Woolf
Aida Edemariam,7,If Beale Street Could Talk,James Baldwin
Aida Edemariam,8,Lives of Girls and Women,Alice Munro
Aida Edemariam,9,The Vagabond,Colette
Aida Edemariam,10,A House for Mr Biswas,VS Naipaul
James Meek,1,Disgrace,JM Coetzee
James Meek,2,Middlemarch,George Eliot
James Meek,3,The Busconductor Hines,James Kelman
James Meek,4,Barchester Towers,Anthony Trollope
James Meek,5,Invisible Cities,Italo Calvino
James Meek,6,Ulysses,James Joyce
James Meek,7,Outline,Rachel Cusk
James Meek,8,The Magic Mountain,Thomas Mann
James Meek,9,Mansfield Park,Jane Austen
James Meek,10,The Death of the Heart,Elizabeth Bowen
David Shariatmadari,1,The Deptford Trilogy,Robertson Davies
David Shariatmadari,2,Couples,John Updike
David Shariatmadari,3,The Bell,Iris Murdoch
David Shariatmadari,4,The Go-Between,LP Hartley
David Shariatmadari,5,The Return of the Native,Thomas Hardy
David Shariatmadari,6,A Visit From the Goon Squad,Jennifer Egan
David Shariatmadari,7,A Compass Error,Sybille Bedford
David Shariatmadari,8,The Leopard,Giuseppe Tomasi di Lampedusa
David Shariatmadari,9,Waterland,Graham Swift
David Shariatmadari,10,Tales of the City,Armistead Maupin
John Lanchester,1,In Search of Lost Time,Marcel Proust
John Lanchester,2,Middlemarch,George Eliot
John Lanchester,3,Ulysses,James Joyce
John Lanchester,4,War and Peace,Leo Tolstoy
John Lanchester,5,Moby-Dick,Herman Melville
John Lanchester,6,The Leopard,Giuseppe Tomasi di Lampedusa
John Lanchester,7,Demons,Fyodor Dostoevsky
John Lanchester,8,"The Story of the Stone, or the Dream of the Red Chamber",Cao Xueqin
John Lanchester,9,The Left Hand of Darkness,Ursula K Le Guin
John Lanchester,10,A Dance to the Music of Time,Anthony Powell
Jo Hamya,1,Anna Karenina,Leo Tolstoy
Jo Hamya,2,To the Lighthouse,Virginia Woolf
Jo Hamya,3,"Lolly Willowes, Or, the Loving Huntsman",Sylvia Townsend Warner
Jo Hamya,4,Wide Sargasso Sea,Jean Rhys
Jo Hamya,5,The Loneliness of Sonia and Sunny,Kiran Desai
Jo Hamya,6,Transit,Rachel Cusk
Jo Hamya,7,The Millstone,Margaret Drabble
Jo Hamya,8,The Bloater,Rosemary Tonks
Jo Hamya,9,Passing,Nella Larsen
Jo Hamya,10,Lolita,Vladimir Nabokov
Tom Crewe,1,The Palliser Novels,Anthony Trollope
Tom Crewe,2,Anna Karenina,Leo Tolstoy
Tom Crewe,3,The Red and the Black,Stendhal
Tom Crewe,4,Cousin Bette,Honoré de Balzac
Tom Crewe,5,Middlemarch,George Eliot
Tom Crewe,6,Mansfield Park,Jane Austen
Tom Crewe,7,Miss Marjoribanks,Margaret Oliphant
Tom Crewe,8,Les Misérables,Victor Hugo
Tom Crewe,9,Pickwick Papers,Charles Dickens
Tom Crewe,10,The Ambassadors,Henry James
Michael Donkor,1,Middlemarch,George Eliot
Michael Donkor,2,Madame Bovary,Gustave Flaubert
Michael Donkor,3,One Hundred Years of Solitude,Gabriel García Márquez
Michael Donkor,4,Lolita,Vladimir Nabokov
Michael Donkor,5,The Sound and the Fury,William Faulkner
Michael Donkor,6,Mrs Dalloway,Virginia Woolf
Michael Donkor,7,A Passage to India,E. M. Forster
Michael Donkor,8,Things Fall Apart,Chinua Achebe
Michael Donkor,9,Revolutionary Road,Richard Yates
Michael Donkor,10,The Bluest Eye,Toni Morrison
Charlotte Northedge,1,Middlemarch,George Eliot
Charlotte Northedge,2,Persuasion,Jane Austen
Charlotte Northedge,3,To the Lighthouse,Virginia Woolf
Charlotte Northedge,4,The Great Gatsby,F Scott Fitzgerald
Charlotte Northedge,5,Beloved,Toni Morrison
Charlotte Northedge,6,Never Let Me Go,Kazuo Ishiguro
Charlotte Northedge,7,The Handmaid's Tale,Margaret Atwood
Charlotte Northedge,8,My Brilliant Friend,Elena Ferrante
Charlotte Northedge,9,Half of a Yellow Sun,Chimamanda Ngozi Adichie
Charlotte Northedge,10,The God of Small Things,Arundhati Roy
Ella Creamer,1,To the Lighthouse,Virginia Woolf
Ella Creamer,2,My Brilliant Friend,Elena Ferrante
Ella Creamer,3,Beloved,Toni Morrison
Ella Creamer,4,The Rainbow,DH Lawrence
Ella Creamer,5,Their Eyes Were Watching God,Zora Neale Hurston
Ella Creamer,6,The Road to the City,Natalia Ginzburg
Ella Creamer,7,In the Time of the Butterflies,Julia Alvarez
Ella Creamer,8,Outline,Rachel Cusk
Ella Creamer,9,Moderato Cantabile,Marguerite Duras
Ella Creamer,10,The Discomfort of Evening,Lucas Rijneveld
Liese Spencer,1,Emma,Jane Austen
Liese Spencer,2,"The Life and Opinions of Tristram Shandy, Gentleman",Laurence Sterne
Liese Spencer,3,Beloved,Toni Morrison
Liese Spencer,4,Mrs Dalloway,Virginia Woolf
Liese Spencer,5,Crime and Punishment,Fyodor Dostoevsky
Liese Spencer,6,The Prime of Miss Jean Brodie,Muriel Spark
Liese Spencer,7,Great Expectations,Charles Dickens
Liese Spencer,8,Normal People,Sally Rooney
Liese Spencer,9,Riddley Walker,Russell Hoban
Liese Spencer,10,Housekeeping,Marilynne Robinson
Emma Loffhagen,1,The Color Purple,Alice Walker
Emma Loffhagen,2,Half of a Yellow Sun,Chimamanda Ngozi Adichie
Emma Loffhagen,3,Things Fall Apart,Chinua Achebe
Emma Loffhagen,4,White Teeth,Zadie Smith
Emma Loffhagen,5,Their Eyes Were Watching God,Zora Neale Hurston
Emma Loffhagen,6,Emma,Jane Austen
Emma Loffhagen,7,The God of Small Things,Arundhati Roy
Emma Loffhagen,8,The Vegetarian,Han Kang
Emma Loffhagen,9,Intermezzo,Sally Rooney
Emma Loffhagen,10,The Great Gatsby,F Scott Fitzgerald
RF Kuang,1,Pale Fire,Vladimir Nabokov
RF Kuang,2,The Great Gatsby,F Scott Fitzgerald
RF Kuang,3,The Name of the Rose,Umberto Eco
RF Kuang,4,Les Misérables,Victor Hugo
RF Kuang,5,The Brothers Karamazov,Fyodor Dostoyevsky
RF Kuang,6,Wolf Hall,Hilary Mantel
RF Kuang,7,One Hundred Years of Solitude,Gabriel García Márquez
RF Kuang,8,The Remains of the Day,Kazuo Ishiguro
RF Kuang,9,The Time of the Doves,Mercè Rodoreda
RF Kuang,10,Buddenbrooks,Thomas Mann
Elizabeth Day,1,Howards End,EM Forster
Elizabeth Day,2,Pride and Prejudice,Jane Austen
Elizabeth Day,3,Vanity Fair,William Makepeace Thackeray
Elizabeth Day,4,Great Expectations,Charles Dickens
Elizabeth Day,5,Lolita,Vladimir Nabokov
Elizabeth Day,6,Middlemarch,George Eliot
Elizabeth Day,7,The Bonfire of the Vanities,Tom Wolfe
Elizabeth Day,8,Gone Girl,Gillian Flynn
Elizabeth Day,9,Americanah,Chimamanda Ngozi Adichie
Elizabeth Day,10,The Light Years,Elizabeth Jane Howard
Jem Calder,1,Middlemarch,George Eliot
Jem Calder,2,War and Peace,Leo Tolstoy
Jem Calder,3,The Portrait of a Lady,Henry James
Jem Calder,4,Suttree,Cormac McCarthy
Jem Calder,5,The Easter Parade,Richard Yates
Jem Calder,6,Persuasion,Jane Austen
Jem Calder,7,The Corrections,Jonathan Franzen
Jem Calder,8,Angel,Elizabeth Taylor
Jem Calder,9,Infinite Jest,David Foster Wallace
Jem Calder,10,The Tunnel,William H. Gass
Damian Barr,1,Giovanni's Room,James Baldwin
Damian Barr,2,The Prime of Miss Jean Brodie,Muriel Spark
Damian Barr,3,The Color Purple,Alice Walker
Damian Barr,4,Dracula,Bram Stoker
Damian Barr,5,The Picture of Dorian Gray,Oscar Wilde
Damian Barr,6,A Boy's Own Story,Edmund White
Damian Barr,7,Beloved,Toni Morrison
Damian Barr,8,The Trick Is to Keep Breathing,Janice Galloway
Damian Barr,9,Their Eyes Were Watching God,Zora Neale Hurston
Damian Barr,10,Suite Française,Irène Némirovsky
Lily King,1,To the Lighthouse,Virginia Woolf
Lily King,2,Mrs Dalloway,Virginia Woolf
Lily King,3,The Sound and the Fury,William Faulkner
Lily King,4,Beloved,Toni Morrison
Lily King,5,Persuasion,Jane Austen
Lily King,6,Pride and Prejudice,Jane Austen
Lily King,7,Middlemarch,George Eliot
Lily King,8,Independant People,Halldór Laxness
Lily King,9,In Search of Lost Time,Marcel Proust
Lily King,10,The Transit of Venus,Shirley Hazzard
Saba Sams,1,Who Will Run the Frog Hospital?,Lorrie Moore
Saba Sams,2,Drive Your Plow Over the Bones of the Dead,Olga Tokarczuk
Saba Sams,3,The Prime of Miss Jean Brodie,Muriel Spark
Saba Sams,4,The Golden Notebook,Doris Lessing
Saba Sams,5,To the Lighthouse,Virginia Woolf
Saba Sams,6,The Heart Is a Lonely Hunter,Carson McCullers
Saba Sams,7,The God of Small Things,Arundhati Roy
Saba Sams,8,Lolita,Vladimir Nabokov
Saba Sams,9,Another Country,James Baldwin
Saba Sams,10,Wide Sargasso Sea,Jean Rhys
Ian Rankin,1,Bleak House,Charles Dickens
Ian Rankin,2,The Strange Case of Dr. Jekyll and Mr. Hyde,Robert Louis Stevenson
Ian Rankin,3,The Prime of Miss Jean Brodie,Muriel Spark
Ian Rankin,4,The Big Sleep,Raymond Chandler
Ian Rankin,5,Crime and Punishment,Fyodor Dostoevsky
Ian Rankin,6,A Dance to the Music of Time,Anthony Powell
Ian Rankin,7,Song of Solomon,Toni Morrison
Ian Rankin,8,Money,Martin Amis
Ian Rankin,9,Lanark,Alasdair Gray
Ian Rankin,10,Life After Life,Kate Atkinson
Nussaibah Younis,1,The Song of Achilles,Madeline Miller
Nussaibah Younis,2,"Detransition, Baby",Torrey Peters
Nussaibah Younis,3,The Trees,Percival L. Everett
Nussaibah Younis,4,The Sellout,Paul Beatty
Nussaibah Younis,5,Vernon Subutex 1,Virginie Despentes
Nussaibah Younis,6,Love Me Tender,Constance Debré
Nussaibah Younis,7,Big Swiss,Jen Beagin
Nussaibah Younis,8,Mammoth,Eva Baltasar
Nussaibah Younis,9,A Long Way Down,Nick Hornby
Nussaibah Younis,10,We All Want Impossible Things,Catherine Newman
Florence Knapp,1,A Fine Balance,Rohinton Mistry
Florence Knapp,2,A Little Life,Hanya Yanagihara
Florence Knapp,3,Anne of Green Gables,Lucy Maud Montgomery
Florence Knapp,4,A Thousand Splendid Suns,Khaled Hosseini
Florence Knapp,5,North and South,Elizabeth Gaskell
Florence Knapp,6,The Safekeep,Yael van der Wouden
Florence Knapp,7,Hamnet,Maggie O'Farrell
Florence Knapp,8,To Kill a Mockingbird,Harper Lee
Florence Knapp,9,Small Things Like These,Claire Keegan
Florence Knapp,10,Wonder,R. J. Palacio
Lauren Elkin,1,Mrs Dalloway,Virginia Woolf
Lauren Elkin,2,Nightwood,Djuna Barnes
Lauren Elkin,3,Beloved,Toni Morrison
Lauren Elkin,4,The Years,Annie Ernaux
Lauren Elkin,5,"Life, a User's Manual",Georges Perec
Lauren Elkin,6,Middlemarch,George Eliot
Lauren Elkin,7,Germinal,Émile Zola
Lauren Elkin,8,Notre Dame De Paris,Victor Hugo
Lauren Elkin,9,Heat of the Day,Elizabeth Bowen
Lauren Elkin,10,La Princesse De Cleves,Madame de La Fayette
Naoise Dolan,1,The Dirty Dust,Máirtín Ó Cadhain
Naoise Dolan,2,Arturo's Island,Elsa Morante
Naoise Dolan,3,Song of Solomon,Toni Morrison
Naoise Dolan,4,Emma,Jane Austen
Naoise Dolan,5,Bleak House,Charles Dickens
Naoise Dolan,6,Giovanni's Room,James Baldwin
Naoise Dolan,7,The Waiting Years,Fumiko Enchi
Naoise Dolan,8,Buddenbrooks,Thomas Mann
Naoise Dolan,9,Lead Us Into Temptation,Breandán Ó hEithir
Naoise Dolan,10,Of Love and Other Demons,Gabriel García Márquez
Doireann Ní Ghríofa,1,Mrs Dalloway,Virginia Woolf
Doireann Ní Ghríofa,2,Jane Eyre,Charlotte Brontë
Doireann Ní Ghríofa,3,Wuthering Heights,Emily Brontë
Doireann Ní Ghríofa,4,To the Lighthouse,Virginia Woolf
Doireann Ní Ghríofa,5,Dracula,Bram Stoker
Doireann Ní Ghríofa,6,The Dirty Dust,Máirtín Ó Cadhain
Doireann Ní Ghríofa,7,Rebecca,Daphne du Maurier
Doireann Ní Ghríofa,8,The Rings of Saturn,WG Sebald
Doireann Ní Ghríofa,9,The Gathering,Anne Enright
Doireann Ní Ghríofa,10,Nora Webster,Colm Tóibín
Daisy Johnson,1,Miss Smilla's Feeling for Snow,Peter Høeg
Daisy Johnson,2,The God of Small Things,Arundhati Roy
Daisy Johnson,3,The Shipping News,Annie Proulx
Daisy Johnson,4,The Bone People,Keri Hulme
Daisy Johnson,5,Beloved,Toni Morrison
Daisy Johnson,6,Women Talking,Miriam Toews
Daisy Johnson,7,One Hundred Years of Solitude,Gabriel García Márquez
Daisy Johnson,8,Watership Down,Richard Adams
Daisy Johnson,9,Territory of Light,Yuko Tsushima
Daisy Johnson,10,Freshwater,Akwaeke Emezi